cell,nGene,nUMI,sample_type,experiment,gfp,cluster,cell_type,tSNE_1,tSNE_2
ATIIinjured2expt2_GTGCAGCCAAGGTTCT,179,5187,Injured AEC2,Experiment 2,0.0588179978116575,13,Club,22.09002452865183,46.139506027900374
ATIIinjured1expt1_GGGCATCAGCCAGAAC,3136,10940,Injured AEC2,Experiment 1,1.415849046116413,8,Injured AEC2: Cell Cycle Arrest,-46.67225785353536,-3.116622549148259
ATIIinjured2expt1_TACGGGCGTCTTCGTC,2349,7721,Injured AEC2,Experiment 1,0.8340029550034078,8,Injured AEC2: Cell Cycle Arrest,-41.62056032301868,-4.202126915731958
ATIIinjured1expt2_TCTATTGCAGGGTTAG,2557,6619,Injured AEC2,Experiment 2,0.885287698185518,8,Injured AEC2: Cell Cycle Arrest,-41.05040895774333,-0.37582416953931835
ATIIinjured1expt1_GATCAGTCACGGCGTT,2735,10189,Injured AEC2,Experiment 1,1.1281988328568082,8,Injured AEC2: Cell Cycle Arrest,-43.043531585669875,-4.222021941128214
ATIIinjured1expt1_CCGGGATCAATGTTGC,2629,8251,Injured AEC2,Experiment 1,1.1281988328568082,8,Injured AEC2: Cell Cycle Arrest,-38.57508790813537,12.654362184700167
ATIIinjured2expt1_GAGTCCGTCTCCAACC,3289,13342,Injured AEC2,Experiment 1,0.3100499136521796,8,Injured AEC2: Cell Cycle Arrest,-42.60397247909045,-2.2434536956165116
ATIIinjured1expt1_CGTCCATCAACTTGAC,2457,8528,Injured AEC2,Experiment 1,0.7517795158056413,8,Injured AEC2: Cell Cycle Arrest,-36.49764903906083,-1.3750447701843613
ATIIinjured2expt1_CATTCGCCAGTTAACC,2109,6221,Injured AEC2,Experiment 1,0.21698766633129607,8,Injured AEC2: Cell Cycle Arrest,-41.79852324560784,-5.797883857605933
ATIIinjured1expt1_AAAGTAGCATACAGCT,3246,10276,Injured AEC2,Experiment 1,1.0250284481276786,8,Injured AEC2: Cell Cycle Arrest,-46.79439317844351,-1.9601514708568493
ATIIinjured1expt1_TACCTTAGTCACTTCC,2282,6618,Injured AEC2,Experiment 1,0.4923233350449441,8,Injured AEC2: Cell Cycle Arrest,-38.663007086379366,-1.777297356852452
ATIIinjured1expt1_ATCATCTAGCTCCTCT,3324,11461,Injured AEC2,Experiment 1,1.3234849755328522,8,Injured AEC2: Cell Cycle Arrest,-45.33967160544796,-1.3639963554082712
ATIIinjured2expt1_CATATGGGTACGACCC,3037,11676,Injured AEC2,Experiment 1,1.1571827287308976,8,Injured AEC2: Cell Cycle Arrest,-42.52330699336053,-3.124418884137653
ATIIinjured2expt2_TATCAGGAGGATTCGG,3357,11890,Injured AEC2,Experiment 2,1.444833852154535,8,Injured AEC2: Cell Cycle Arrest,-45.8862968209312,-0.8684784260637763
ATIIinjured2expt2_GGACATTCATCGGTTA,2181,6590,Injured AEC2,Experiment 2,0.8073393301640122,8,Injured AEC2: Cell Cycle Arrest,-33.64415657077383,-1.6595101304851283
ATIIinjured1expt1_AGTCTTTGTATCGCAT,2089,6023,Injured AEC2,Experiment 1,0.5637657000756316,8,Injured AEC2: Cell Cycle Arrest,-41.74222130161415,-5.637736631784139
ATIIinjured2expt1_CATGCCTGTCCAGTTA,2893,9340,Injured AEC2,Experiment 1,0.7937360841987519,10,Injured AEC2: Proliferating,-36.74744282735422,14.575292546670102
ATIIinjured2expt2_CAAGATCGTCTGCAAT,2104,6138,Injured AEC2,Experiment 2,0.6621847644459135,10,Injured AEC2: Proliferating,-36.33757038468023,14.483546562586724
ATIIinjured1expt1_GGACATTAGCCACGCT,4310,18509,Injured AEC2,Experiment 1,0.885287698185518,10,Injured AEC2: Proliferating,-38.45231485495742,17.86730699051352
ATIIinjured2expt2_CGAATGTAGGCTCATT,2520,9415,Injured AEC2,Experiment 2,0.21698766633129607,10,Injured AEC2: Proliferating,-36.53591462427125,15.511970280568793
ATIIinjured2expt2_GGATTACTCCCTTGCA,2570,9625,Injured AEC2,Experiment 2,0.3320225419717631,10,Injured AEC2: Proliferating,-35.6947522180674,12.766159396731256
ATIIinjured2expt1_AGCATACAGCAATCTC,2305,6835,Injured AEC2,Experiment 1,0.8599740561822437,10,Injured AEC2: Proliferating,-33.59873576290681,12.045806637382286
ATIIinjured2expt2_GTCATTTGTCGATTGT,1663,4689,Injured AEC2,Experiment 2,1.0141009301699284,6,Injured AEC2: Transdifferentiating,-34.083496173416634,-12.328869958916169
ATIIinjured2expt2_GCGGGTTCAATCTACG,1927,7112,Injured AEC2,Experiment 2,0.16699350063309795,6,Injured AEC2: Transdifferentiating,-13.9181351720925,-3.5823805052537954
ATIIinjured2expt1_GCGCAGTTCTACTATC,2394,7840,Injured AEC2,Experiment 1,1.0141009301699284,6,Injured AEC2: Transdifferentiating,-36.87524996571254,-13.452182317183906
ATIIinjured1expt2_CTTTGCGCAGCCAGAA,2484,7911,Injured AEC2,Experiment 2,1.1760488991223808,6,Injured AEC2: Transdifferentiating,-35.54452913476697,-12.700836567055706
ATIIinjured2expt2_GCTGCGACACGCTTTC,1670,4467,Injured AEC2,Experiment 2,0.885287698185518,6,Injured AEC2: Transdifferentiating,-33.63977619598056,-12.80593144305507
ATIIinjured2expt2_TTTGGTTCATGGTCAT,1961,7823,Injured AEC2,Experiment 2,0.5637657000756316,6,Injured AEC2: Transdifferentiating,-26.438253377831707,-17.96211930527181
ATIIinjured1expt2_CCTTACGAGTGAACAT,1908,6024,Injured AEC2,Experiment 2,0.39518414575896094,6,Injured AEC2: Transdifferentiating,-34.467469156956874,-14.51159713727329
ATIIinjured2expt2_GCATGATGTGAACCTT,1517,3950,Injured AEC2,Experiment 2,0.3320225419717631,6,Injured AEC2: Transdifferentiating,-28.055550971661848,-16.23279006513697
ATIIinjured2expt2_TATCAGGAGACAAGCC,1668,5644,Injured AEC2,Experiment 2,0.6464396310241439,6,Injured AEC2: Transdifferentiating,-24.981768438981096,-19.176854081420608
ATIIinjured1expt2_CGTAGCGAGGTCGGAT,2547,8881,Injured AEC2,Experiment 2,0.9099763479973537,6,Injured AEC2: Transdifferentiating,-36.05334664947099,-1.5132610937071547
ATIIinjured1expt2_AGGCCACCACACAGAG,2127,8155,Injured AEC2,Experiment 2,0.6776858266116346,6,Injured AEC2: Transdifferentiating,-24.652249779071056,-17.920907212750034
ATIIinjured1expt2_TCACAAGCAAGTTGTC,1379,3486,Injured AEC2,Experiment 2,0.21698766633129607,6,Injured AEC2: Transdifferentiating,-32.39481162435623,-16.19862672785419
ATIIinjured2expt1_ACGGGCTCAAGCCGCT,2127,7161,Injured AEC2,Experiment 1,0.5637657000756316,6,Injured AEC2: Transdifferentiating,-28.390186413125928,-12.639424037043678
ATIIinjured2expt2_ACGCCGACACTGAAGG,1742,4414,Injured AEC2,Experiment 2,0.11436777899947496,6,Injured AEC2: Transdifferentiating,-36.27543731964056,-13.420208986947298
ATIIinjured1expt2_TTGACTTAGGATTCGG,1418,3102,Injured AEC2,Experiment 2,0.5976597821332662,6,Injured AEC2: Transdifferentiating,-35.825865019272115,-15.608459184029783
ATIIinjured2expt2_CACAGTAAGAATAGGG,1989,7139,Injured AEC2,Experiment 2,1.0030526810569464,6,Injured AEC2: Transdifferentiating,-26.83022808115693,-10.945662848560518
ATIIinjured1expt2_ATCCACCTCTACCAGA,2159,7409,Injured AEC2,Experiment 2,1.108398754252155,6,Injured AEC2: Transdifferentiating,-28.00540940800981,-10.735042821683582
ATIIinjured2expt1_CCTACACGTGCCTGCA,1444,3468,Injured AEC2,Experiment 1,0.08697856109562721,11,Macrophage,-3.8090781642038123,-52.255990885744914
ATIIinjured2expt2_TTGGAACCACTTACGA,1968,7970,Injured AEC2,Experiment 2,0.11436777899947496,11,Macrophage,-8.152907065984817,-49.97260296628614
ATIIinjured2expt1_ACTTGTTTCTTAGCCC,1323,3050,Injured AEC2,Experiment 1,0.029841381192410428,11,Macrophage,-3.6686560812304396,-52.27843178006276
ATIIinjured2expt1_AGCTCTCCACAAGTAA,1215,2954,Injured AEC2,Experiment 1,0.0588179978116575,11,Macrophage,-5.0808631565723905,-51.49419530870019
ATIIinjured1expt1_GCCTCTACATTACGAC,1206,2990,Injured AEC2,Experiment 1,0,11,Macrophage,-5.250177625216962,-51.23729287191428
ATIIinjured2expt1_AGAATAGTCTCGCATC,1942,6403,Injured AEC2,Experiment 1,0.4736357432073594,5,Naive AEC2,14.40228368647412,-32.37315374882552
ATIIinjured2expt2_TATTACCGTTAAGGGC,1418,4619,Injured AEC2,Experiment 2,0.35352273592251987,5,Naive AEC2,11.986025797672719,-27.582337050294
ATIIinjured2expt2_ATGAGGGTCACTTCAT,2360,9661,Injured AEC2,Experiment 2,0.8340029550034078,5,Naive AEC2,23.461003240330523,-21.226673142633594
ATIIinjured2expt1_TAGGCATTCACGACTA,1578,5661,Injured AEC2,Experiment 1,0.6304426171985398,0,Other Injured AEC2,15.469750932343032,-3.239452179547086
ATIIinjured2expt2_TGAGAGGGTGACGCCT,1516,5209,Injured AEC2,Experiment 2,0.6929502690407425,4,Other Injured AEC2,-0.5242375900910642,-4.664629838971546
ATIIinjured1expt1_CTAAGACAGATCTGAA,1085,2767,Injured AEC2,Experiment 1,0.24107767091361132,3,Other Injured AEC2,28.813955621660227,14.863578411176121
ATIIinjured2expt1_AGTGAGGAGACAGACC,2214,9040,Injured AEC2,Experiment 1,0.37457038428582884,2,Other Injured AEC2,-13.10181812109391,3.2087775559277785
ATIIinjured2expt2_AGAGTGGCACGCCAGT,1264,3727,Injured AEC2,Experiment 2,0.2646009722971192,3,Other Injured AEC2,23.706481711476478,16.640004766369987
ATIIinjured2expt2_GCGCAACCAACTGCTA,2072,6685,Injured AEC2,Experiment 2,0.3100499136521796,1,Other Injured AEC2,-35.26640868998971,10.691014916974341
ATIIinjured1expt2_ACTGAACCAATCCAAC,1269,3539,Injured AEC2,Experiment 2,0.16699350063309795,3,Other Injured AEC2,21.769003565064956,18.790136265056173
ATIIinjured1expt2_TACTCGCTCAACCAAC,2035,6844,Injured AEC2,Experiment 2,0.9220957987513027,1,Other Injured AEC2,-20.270875979496324,-16.183581675977567
ATIIinjured2expt2_CAGTAACAGCTTATCG,2325,9605,Injured AEC2,Experiment 2,1.2394110536940395,2,Other Injured AEC2,-16.493803292828822,3.429165688200841
ATIIinjured2expt2_ATCTGCCTCCGCATCT,2976,13886,Injured AEC2,Experiment 2,0.8340029550034078,2,Other Injured AEC2,-20.0345183152678,0.49911184865536695
ATIIinjured1expt2_GGAACTTAGCGTCTAT,2433,10090,Injured AEC2,Experiment 2,0.9459027626858089,2,Other Injured AEC2,-18.561788546002276,0.4490111070408058
ATIIinjured2expt1_AAGGCAGGTGATGCCC,2847,9394,Injured AEC2,Experiment 1,1.0250284481276786,2,Other Injured AEC2,-34.35038931183109,1.137351736402076
ATIIinjured2expt2_AGGCCGTGTTTGGGCC,1551,5114,Injured AEC2,Experiment 2,0.5637657000756316,4,Other Injured AEC2,16.129757195133912,-14.849413717498246
ATIIinjured1expt1_CTGTGCTTCATTGCGA,2529,9302,Injured AEC2,Experiment 1,1.1853501669639894,2,Other Injured AEC2,-33.130639360623256,-0.4918544885303835
ATIIinjured2expt2_TACGGATAGCCGGTAA,1088,3212,Injured AEC2,Experiment 2,0.3320225419717631,0,Other Injured AEC2,26.912286832837875,2.684518034599116
ATIIinjured2expt2_TGCCAAACAACGCACC,1421,4468,Injured AEC2,Experiment 2,0.4736357432073594,3,Other Injured AEC2,20.07787431739392,27.36199620429347
ATIIinjured1expt2_CATGACATCAGGTAAA,1442,5470,Injured AEC2,Experiment 2,0.5106680976526824,3,Other Injured AEC2,24.252992632052088,23.273917269374163
ATIIinjured2expt1_CAAGGCCCAGCTTCGG,2192,9817,Injured AEC2,Experiment 1,1.0358378450438186,3,Other Injured AEC2,20.961920675074104,28.74320999167537
ATIIinjured2expt2_GCGAGAATCACAAACC,1621,5338,Injured AEC2,Experiment 2,0.1923029780262074,0,Other Injured AEC2,8.432608474424065,9.590738412838114
ATIIinjured2expt2_CAACCTCAGCGACGTA,1184,3342,Injured AEC2,Experiment 2,0.3100499136521796,0,Other Injured AEC2,26.84964092163411,1.269798215454672
ATIIinjured2expt1_AGTCTTTCAGGCGATA,1744,7470,Injured AEC2,Experiment 1,0.6929502690407425,0,Other Injured AEC2,15.297438786786332,-1.3857463088527198
ATIIinjured1expt2_CATGACATCTTCGGTC,2252,9853,Injured AEC2,Experiment 2,1.0141009301699284,1,Other Injured AEC2,-12.007474044161606,-23.05858891125149
ATIIinjured1expt2_CCCATACAGCGTCTAT,1624,5006,Injured AEC2,Experiment 2,0.3320225419717631,0,Other Injured AEC2,4.635643416703001,-5.982286492824986
ATIIinjured2expt1_AGGCCACCAGGCTGAA,2553,11351,Injured AEC2,Experiment 1,0.8207600085624883,1,Other Injured AEC2,-7.451825216749339,-19.789420810766604
ATIIinjured2expt2_GACTGCGTCCGGCACA,2023,8528,Injured AEC2,Experiment 2,0.35352273592251987,2,Other Injured AEC2,-9.561383165327946,4.158712387142733
ATIIinjured2expt2_GGCCGATTCCAAGCCG,2117,8874,Injured AEC2,Experiment 2,0.897708212335174,0,Other Injured AEC2,-0.2289246681249559,18.750472916227732
ATIIinjured2expt2_ACGCAGCAGATGGCGT,1659,5753,Injured AEC2,Experiment 2,0.5463778887192712,4,Other Injured AEC2,10.934574121589511,-14.151315848990313
ATIIinjured2expt2_GATGAAACACATAACC,1924,7702,Injured AEC2,Experiment 2,0.580856335331033,0,Other Injured AEC2,-6.9461286262521105,-2.511228303097096
ATIIinjured1expt2_TTGGCAAAGTGATCGG,2244,9577,Injured AEC2,Experiment 2,1.108398754252155,2,Other Injured AEC2,-2.7639168255462208,-11.927895505306207
ATIIinjured2expt2_CAGCTAATCCGAAGAG,1266,3635,Injured AEC2,Experiment 2,0.41538154834733476,0,Other Injured AEC2,16.114762440558916,8.526974110560287
ATIIinjured2expt2_CTTTGCGCAAGCGTAG,2106,8863,Injured AEC2,Experiment 2,0.9575970243335932,1,Other Injured AEC2,-6.667850861639609,-22.88498451441908
ATIIinjured2expt2_CTCAGAAAGTACCGGA,1685,4926,Injured AEC2,Experiment 2,0.6464396310241439,0,Other Injured AEC2,6.514970565750164,25.874829065449077
ATIIinjured2expt2_ACGTCAACACGGCGTT,1156,2739,Injured AEC2,Experiment 2,0.1410267831982121,1,Other Injured AEC2,2.7809939929888747,-31.718338680846156
ATIIinjured1expt2_TGTGTTTAGCAGATCG,1159,3212,Injured AEC2,Experiment 2,0.24107767091361132,3,Other Injured AEC2,25.907203696168093,8.815984159488794
ATIIinjured2expt2_GGTATTGCAAGTCATC,1306,3931,Injured AEC2,Experiment 2,0.37457038428582884,3,Other Injured AEC2,15.25481522937251,19.367327705382113
ATIIinjured1expt1_CTACATTTCTCATTCA,2704,11385,Injured AEC2,Experiment 1,0.9220957987513027,2,Other Injured AEC2,-24.983516866781773,-2.9924441321690867
ATIIinjured2expt2_TCGGGACGTCGCATCG,2321,8292,Injured AEC2,Experiment 2,1.0030526810569464,2,Other Injured AEC2,-24.973164824352125,2.467452695293429
ATIIinjured2expt2_ACTGATGCACCCTATC,1040,3120,Injured AEC2,Experiment 2,0.11436777899947496,3,Other Injured AEC2,27.22344677056558,21.260622529697624
ATIIinjured1expt2_AGTGAGGTCAGTGCAT,1799,6980,Injured AEC2,Experiment 2,0.9459027626858089,2,Other Injured AEC2,-1.0649333464344297,23.892651997038758
ATIIinjured1expt2_TCGTAGACATGCTAGT,2287,8914,Injured AEC2,Experiment 2,0.8073393301640122,1,Other Injured AEC2,-11.307733200330155,-29.642582181543762
ATIIinjured1expt2_CGTTGGGCAATAAGCA,1363,5117,Injured AEC2,Experiment 2,0.41538154834733476,4,Other Injured AEC2,28.458364868136677,-3.709541151374755
ATIIinjured1expt2_TTTGCGCCAAGTACCT,1560,5279,Injured AEC2,Experiment 2,0.6464396310241439,3,Other Injured AEC2,30.872688146578607,25.965827645713752
ATIIinjured1expt2_AGGGTGACATACGCTA,1499,4889,Injured AEC2,Experiment 2,0.7799452349867495,4,Other Injured AEC2,13.303971520970194,-7.569866564860248
ATIIinjured2expt2_TTTGTCACAAGCGAGT,1726,5849,Injured AEC2,Experiment 2,0.37457038428582884,0,Other Injured AEC2,2.7262930916698616,12.93016259402308
ATIIinjured1expt2_AGTAGTCAGTGCTGCC,1615,5355,Injured AEC2,Experiment 2,0.5286823833646396,4,Other Injured AEC2,12.674614795062572,-13.551373584936552
ATIIinjured1expt2_GACTACATCCGCATCT,2451,11164,Injured AEC2,Experiment 2,0.6621847644459135,0,Other Injured AEC2,0.1540327185117786,9.45559688073712
ATIIinjured2expt2_CTCTGGTGTTCGAATC,1422,5084,Injured AEC2,Experiment 2,0.3320225419717631,0,Other Injured AEC2,22.144514949996214,7.3300185030542675
ATIIinjured1expt2_CATCAGATCACTTCAT,1295,3984,Injured AEC2,Experiment 2,0.2646009722971192,0,Other Injured AEC2,20.85195972740629,5.6152634133324035
ATIIinjured1expt2_TCGGTAATCAAACCAC,1784,6084,Injured AEC2,Experiment 2,0.28758362153894784,0,Other Injured AEC2,2.697826133106497,13.079780525179391
ATIIinjured2expt2_GTCGTAATCAATCACG,2027,8529,Injured AEC2,Experiment 2,0.5976597821332662,1,Other Injured AEC2,-4.377019014547743,-27.65240981468799
ATIIinjured2expt2_AAACGGGTCCCAAGTA,2293,10080,Injured AEC2,Experiment 2,0.885287698185518,0,Other Injured AEC2,-3.471272074766787,2.6207140314261257
ATIIinjured2expt2_CCCAGTTAGAATGTGT,1841,7528,Injured AEC2,Experiment 2,0.5637657000756316,3,Other Injured AEC2,2.3192374554536594,-7.168758637388996
ATIIinjured1expt2_CTACCCATCTTGTCAT,1139,3677,Injured AEC2,Experiment 2,0.21698766633129607,3,Other Injured AEC2,17.682784487452665,11.27467268070893
ATIIinjured1expt1_TCTTCGGTCGTTGCCT,2556,12671,Injured AEC2,Experiment 1,0.7937360841987519,0,Other Injured AEC2,1.9425713222513665,14.052465766032615
ATIIinjured2expt2_GGCTGGTGTCAGATAA,1004,2311,Injured AEC2,Experiment 2,0.24107767091361132,3,Other Injured AEC2,27.65518777240025,22.68464681507866
ATIIinjured1expt2_TCGGTAAAGGAATCGC,1797,7309,Injured AEC2,Experiment 2,0.7079852071336866,0,Other Injured AEC2,0.5694899329581944,-21.856891139780895
ATIIinjured2expt1_TGGTTAGCAAAGCAAT,3035,14868,Injured AEC2,Experiment 1,1.108398754252155,1,Other Injured AEC2,-17.60952900925116,-18.879938900170025
ATIIinjured1expt2_CGTGTCTGTATATGAG,2128,8931,Injured AEC2,Experiment 2,0.7079852071336866,1,Other Injured AEC2,-2.0043821686065453,-19.85624084802533
ATIIinjured1expt2_CCGGTAGTCTCACATT,1728,6450,Injured AEC2,Experiment 2,0.8340029550034078,4,Other Injured AEC2,12.094284627124141,-18.5931397484151
ATIIinjured1expt2_CAGAGAGGTAAGCACG,2492,8229,Injured AEC2,Experiment 2,1.0571123010571084,2,Other Injured AEC2,-31.14974575151438,3.9698654702917753
ATIIinjured2expt2_TTAGGCAAGCAGCGTA,2172,9679,Injured AEC2,Experiment 2,1.0881986996474882,2,Other Injured AEC2,-10.951483742872895,17.766844841200438
ATIIinjured2expt2_TTATGCTCAGCTGTGC,1052,3092,Injured AEC2,Experiment 2,0.3100499136521796,3,Other Injured AEC2,34.31496453217881,9.825550472620264
ATIIinjured1expt2_TTCCCAGGTGCAACGA,2181,8603,Injured AEC2,Experiment 2,0.6776858266116346,0,Other Injured AEC2,-5.254133530783206,8.96558711998542
ATIIinjured1expt2_GCATGCGGTAGGAGTC,1800,7331,Injured AEC2,Experiment 2,0.580856335331033,4,Other Injured AEC2,13.341875442064769,-9.396789708722858
ATIIinjured1expt2_ATTTCTGGTGTTTGTG,1550,5887,Injured AEC2,Experiment 2,0.4545922640499659,4,Other Injured AEC2,24.74457857216854,-7.474098709149162
ATIIinjured2expt2_GGCGTGTCAGCGTTCG,1845,6855,Injured AEC2,Experiment 2,0.9918810031943951,3,Other Injured AEC2,-11.0676741052798,0.6196562895891004
ATIIinjured1expt1_GGGCATCTCAGTTCGA,1341,4480,Injured AEC2,Experiment 1,0.5286823833646396,4,Other Injured AEC2,25.417564572932218,-3.7754657941694516
ATIIinjured2expt2_CTGAAGTGTGTGACCC,1247,3194,Injured AEC2,Experiment 2,0.16699350063309795,3,Other Injured AEC2,14.788138201565067,23.114404456630716
ATIIinjured2expt1_CACATAGTCCGTCATC,1231,3725,Injured AEC2,Experiment 1,0.2646009722971192,0,Other Injured AEC2,27.034797909769242,2.4220995889048305
ATIIinjured2expt1_TTCTCCTGTCTGCGGT,2750,13214,Injured AEC2,Experiment 1,0.9340701254870186,1,Other Injured AEC2,-17.60815387484402,-8.193852762111536
ATIIinjured1expt2_CGGGTCAAGATCTGCT,2574,11408,Injured AEC2,Experiment 2,0.7227974400881334,1,Other Injured AEC2,-9.358268696689422,-26.740717606622663
ATIIinjured2expt2_ATTGGTGAGGTGTGGT,2148,9715,Injured AEC2,Experiment 2,0.6141855329350174,4,Other Injured AEC2,8.09886019241733,-14.153280286380806
ATIIinjured1expt2_GTGCTTCCACGACGAA,1645,5446,Injured AEC2,Experiment 2,0.8073393301640122,4,Other Injured AEC2,16.078880293887998,-8.360844513636728
ATIIinjured2expt2_CACTCCAAGTGGGATC,1793,7303,Injured AEC2,Experiment 2,0.7227974400881334,0,Other Injured AEC2,5.789666687421638,15.888780247779222
ATIIinjured2expt2_AAACGGGGTCATATCG,2352,8253,Injured AEC2,Experiment 2,0.8340029550034078,2,Other Injured AEC2,-12.314292395209344,22.704619077329795
ATIIinjured2expt2_CTTCTCTTCCATGCTC,1524,5111,Injured AEC2,Experiment 2,0.7079852071336866,3,Other Injured AEC2,19.1177564979589,14.347476882871705
ATIIinjured1expt2_CTGTGCTAGTCGTTTG,3222,13789,Injured AEC2,Experiment 2,0.9099763479973537,2,Other Injured AEC2,-25.93079326778879,0.08839603877516164
ATIIinjured1expt2_CGTGTAAGTAGGGTAC,1603,5678,Injured AEC2,Experiment 2,0.580856335331033,0,Other Injured AEC2,-0.2003890763753695,2.538839791298213
ATIIinjured1expt2_TACTTACAGCTCCTCT,2534,11388,Injured AEC2,Experiment 2,0.969156109492425,1,Other Injured AEC2,-9.494793500985066,-20.555046140734497
ATIIinjured1expt2_TGGCCAGTCTACCTGC,1951,7498,Injured AEC2,Experiment 2,0.11436777899947496,3,Other Injured AEC2,0.0726390931695853,26.14174501046086
ATIIinjured1expt2_GGGAGATCAAACTGTC,1858,7336,Injured AEC2,Experiment 2,0.897708212335174,0,Other Injured AEC2,-5.890648772089052,-1.4951979875081554
ATIIinjured1expt2_GAAATGAGTACCGAGA,1923,6363,Injured AEC2,Experiment 2,0.6464396310241439,1,Other Injured AEC2,-19.191945790277327,-22.96520131827661
ATIIinjured2expt2_CTCGAGGGTGCGATAG,1324,4189,Injured AEC2,Experiment 2,0.4923233350449441,4,Other Injured AEC2,22.49071391034599,-2.4235975127200913
ATIIinjured1expt2_GCTCCTAAGAGATGAG,1888,6603,Injured AEC2,Experiment 2,0.7799452349867495,1,Other Injured AEC2,1.3565236977546828,-25.246733316707797
ATIIinjured1expt1_GTCGGGTCAAACGTGG,2113,8938,Injured AEC2,Experiment 1,1.2394110536940395,0,Other Injured AEC2,0.26053322785455085,22.683290680218917
ATIIinjured1expt2_GCTCTGTTCAAAGTAG,2311,10427,Injured AEC2,Experiment 2,1.0141009301699284,0,Other Injured AEC2,-4.450211363290491,-1.5628444730736757
ATIIinjured2expt2_ATTTCTGTCCAATGGT,1650,5668,Injured AEC2,Experiment 2,0.6464396310241439,3,Other Injured AEC2,9.639265878755182,22.718580555486557
ATIIinjured2expt2_TACTCGCTCGGAATCT,1878,7961,Injured AEC2,Experiment 2,0.6621847644459135,1,Other Injured AEC2,-7.171260654235946,-24.553546275172256
ATIIinjured1expt2_GCTGCTTAGCCCAGCT,2187,8892,Injured AEC2,Experiment 2,0.7517795158056413,2,Other Injured AEC2,-14.405370842866015,22.197462940662113
ATIIinjured1expt2_TCTCTAACAGGACGTA,1031,2893,Injured AEC2,Experiment 2,0.16699350063309795,0,Other Injured AEC2,27.608612772869574,2.7109032186402864
ATIIinjured1expt2_GTTACAGTCCAAACAC,2212,10486,Injured AEC2,Experiment 2,0.6141855329350174,0,Other Injured AEC2,-0.14818363648481775,13.214942792865589
ATIIinjured1expt2_TGGGAAGGTCCGAAGA,2147,9258,Injured AEC2,Experiment 2,0.39518414575896094,0,Other Injured AEC2,0.31320737223831213,6.247351297365335
ATIIinjured1expt2_GACGCGTTCAATCACG,1926,7418,Injured AEC2,Experiment 2,0.4923233350449441,4,Other Injured AEC2,10.927059203183873,-8.042947435894542
ATIIinjured2expt2_AGTGGGATCAGTTGAC,2165,9138,Injured AEC2,Experiment 2,0.6141855329350174,0,Other Injured AEC2,-4.529477258433396,3.452345781712454
ATIIinjured1expt1_TTAGTTCCACCCAGTG,2613,9681,Injured AEC2,Experiment 1,0.8340029550034078,2,Other Injured AEC2,-30.136019725274195,5.091741297148865
ATIIinjured1expt2_ATCTGCCAGCAATCTC,1815,6551,Injured AEC2,Experiment 2,0.6929502690407425,0,Other Injured AEC2,16.158578725918414,-0.05175184774568327
ATIIinjured1expt2_AACTCCCGTGGTACAG,932,2444,Injured AEC2,Experiment 2,0.16699350063309795,3,Other Injured AEC2,28.22849430351495,18.26554595495257
ATIIinjured1expt2_GAAGCAGCACTCGACG,2505,10905,Injured AEC2,Experiment 2,0.8599740561822437,2,Other Injured AEC2,-20.14434757323609,9.017677738149954
ATIIinjured2expt2_GCTGGGTTCGTTACGA,1863,7855,Injured AEC2,Experiment 2,0.4736357432073594,0,Other Injured AEC2,8.17563216101941,-1.8172001819789603
ATIIinjured1expt2_CGAGAAGGTTTGACTG,1708,5956,Injured AEC2,Experiment 2,0.6929502690407425,0,Other Injured AEC2,-10.05402198882809,8.932311136722566
ATIIinjured1expt2_TGTCCCATCACGAAGG,1684,5817,Injured AEC2,Experiment 2,0.5637657000756316,4,Other Injured AEC2,10.22636092712117,-15.646908921826773
ATIIinjured2expt2_TACCTATAGATGGGTC,1934,6893,Injured AEC2,Experiment 2,0.6141855329350174,0,Other Injured AEC2,-4.343487322483121,-1.5806870344206174
ATIIinjured2expt2_TCGCGAGCAAGCCCAC,1280,4586,Injured AEC2,Experiment 2,0.4545922640499659,3,Other Injured AEC2,19.121098492400378,11.679603830967078
ATIIinjured1expt2_GTGGGTCTCAAGATCC,1783,6621,Injured AEC2,Experiment 2,0.6141855329350174,4,Other Injured AEC2,18.879604055879096,-15.220779217220903
ATIIinjured2expt1_AAAGATGTCCTTAATC,1441,5070,Injured AEC2,Experiment 1,0.41538154834733476,0,Other Injured AEC2,26.86794189700622,5.337437319164659
ATIIinjured2expt2_TACGGATTCCAGTATG,865,2556,Injured AEC2,Experiment 2,0.24107767091361132,3,Other Injured AEC2,34.22865454660116,4.247822333367586
ATIIinjured1expt2_CATCCACTCGGAAACG,2412,10053,Injured AEC2,Experiment 2,0.897708212335174,1,Other Injured AEC2,-13.547634133739738,-21.472908988420663
ATIIinjured2expt2_CAACCAACATCACAAC,2031,9934,Injured AEC2,Experiment 2,0.6141855329350174,0,Other Injured AEC2,-9.684063182059992,-7.196032528991482
ATIIinjured1expt2_TGCCAAACAGGTCTCG,2206,9061,Injured AEC2,Experiment 2,0.9220957987513027,2,Other Injured AEC2,-17.912760097536424,-8.982451509433004
ATIIinjured2expt2_GTTCGGGTCGTGACAT,1266,3810,Injured AEC2,Experiment 2,0.28758362153894784,0,Other Injured AEC2,27.00830792179577,11.404253632497609
ATIIinjured1expt2_GACGGCTTCCACGTTC,2179,7994,Injured AEC2,Experiment 2,0.5106680976526824,0,Other Injured AEC2,-4.985266928176106,8.330550264905764
ATIIinjured2expt2_ACCCACTAGTGTTGAA,1343,5249,Injured AEC2,Experiment 2,0.4351790789164562,3,Other Injured AEC2,30.436510458905403,25.50355701202079
ATIIinjured1expt1_TCATTTGTCTGATACG,1418,4055,Injured AEC2,Experiment 1,0.41538154834733476,0,Other Injured AEC2,17.388769644812587,-2.643028153566701
ATIIinjured2expt2_CAGCGACGTCACACGC,1196,3098,Injured AEC2,Experiment 2,0.3320225419717631,3,Other Injured AEC2,25.094376480392825,27.746679047602615
ATIIinjured1expt2_AGTTGGTAGTGAAGAG,1726,6973,Injured AEC2,Experiment 2,0.5286823833646396,0,Other Injured AEC2,-1.0132619163627175,2.068877366235403
ATIIinjured2expt2_GTGGGTCTCAGGTTCA,1379,4485,Injured AEC2,Experiment 2,0.5637657000756316,4,Other Injured AEC2,20.575342101521027,-8.680039218045799
ATIIinjured1expt2_TCACGAATCCTTAATC,2083,6463,Injured AEC2,Experiment 2,0.37457038428582884,3,Other Injured AEC2,12.061544418652844,30.68124280714876
ATIIinjured2expt2_AGCGTCGGTCAAACTC,2053,6288,Injured AEC2,Experiment 2,0.9340701254870186,2,Other Injured AEC2,-22.644560793843198,-14.593945216866333
ATIIinjured2expt2_CAGCTGGAGTGATCGG,1197,3335,Injured AEC2,Experiment 2,0.4545922640499659,3,Other Injured AEC2,16.76591275149795,14.495247519221513
ATIIinjured2expt1_GTCAAGTAGTTAACGA,1836,6980,Injured AEC2,Experiment 1,0.2646009722971192,4,Other Injured AEC2,15.767616935493345,-9.700431940828002
ATIIinjured2expt2_CTTAACTTCTTGCAAG,1634,6297,Injured AEC2,Experiment 2,0.4545922640499659,0,Other Injured AEC2,10.106786119723765,7.010600351870807
ATIIinjured1expt2_CAAGTTGAGTGTACTC,1420,4789,Injured AEC2,Experiment 2,0.39518414575896094,0,Other Injured AEC2,15.980863353541816,13.00097176072748
ATIIinjured1expt2_GTCTTCGGTCCCGACA,2098,9921,Injured AEC2,Experiment 2,0.7517795158056413,0,Other Injured AEC2,-0.163113652444544,4.1228587279089455
ATIIinjured2expt2_ACACCGGTCCCGACTT,1908,6045,Injured AEC2,Experiment 2,0.5106680976526824,2,Other Injured AEC2,-6.040498370843462,13.026095784200583
ATIIinjured2expt2_TGTGTTTTCCTTGGTC,1522,5295,Injured AEC2,Experiment 2,0.4736357432073594,0,Other Injured AEC2,-4.039061541022169,17.75138476917739
ATIIinjured1expt2_TGCGTGGAGCCACCTG,1816,7879,Injured AEC2,Experiment 2,0.7659615355856946,0,Other Injured AEC2,10.262306430863163,5.83362892181604
ATIIinjured1expt2_GGGAATGTCAGAAATG,1767,6161,Injured AEC2,Experiment 2,0.6464396310241439,3,Other Injured AEC2,6.146615059521815,32.05035346912568
ATIIinjured2expt2_GCAGCCATCCGTAGGC,1747,6077,Injured AEC2,Experiment 2,0.8727109726043663,1,Other Injured AEC2,-12.706139661578716,-24.151545611504616
ATIIinjured2expt2_CCGTTCAGTTATCGGT,1768,7366,Injured AEC2,Experiment 2,0.7079852071336866,0,Other Injured AEC2,3.06759518491948,6.762128813153287
ATIIinjured1expt2_CTGATCCCATACAGCT,2319,9456,Injured AEC2,Experiment 2,0.35352273592251987,3,Other Injured AEC2,4.18983385581885,29.839975675095207
ATIIinjured1expt2_ATAAGAGCACTCGACG,1269,4473,Injured AEC2,Experiment 2,0.2646009722971192,3,Other Injured AEC2,26.015214328284877,19.12092677180953
ATIIinjured1expt2_TATTACCCATGAACCT,1659,5130,Injured AEC2,Experiment 2,0.5637657000756316,1,Other Injured AEC2,7.376063844720008,-25.43643906013175
ATIIinjured2expt2_GCCAAATAGGCGATAC,1733,7006,Injured AEC2,Experiment 2,0.8340029550034078,1,Other Injured AEC2,7.857385029427038,-28.20580997107923
ATIIinjured2expt2_CCAGCGACAATCGGTT,1644,5188,Injured AEC2,Experiment 2,0.6141855329350174,1,Other Injured AEC2,0.9127144586347965,-32.504434823160075
ATIIinjured2expt1_ACGTCAAGTCAACATC,3446,17932,Injured AEC2,Experiment 1,1.347388020137994,2,Other Injured AEC2,-31.32987433655085,9.91063123241334
ATIIinjured2expt1_CACACCTTCAGATAAG,2405,11008,Injured AEC2,Experiment 1,0.8073393301640122,0,Other Injured AEC2,3.3596140122836458,9.038998620454116
ATIIinjured1expt2_CACTCCAGTAAGTGTA,1706,5827,Injured AEC2,Experiment 2,0.580856335331033,4,Other Injured AEC2,11.874640235702007,-13.02315992047058
ATIIinjured1expt2_TCGGGACTCTCGTATT,2311,11123,Injured AEC2,Experiment 2,1.0465316472934065,1,Other Injured AEC2,-13.019425354426634,-8.56328824121448
ATIIinjured1expt2_TATTACCAGAAGCCCA,2073,8618,Injured AEC2,Experiment 2,0.8073393301640122,0,Other Injured AEC2,-4.689689776175788,1.8976550367020404
ATIIinjured1expt2_CGGTTAACAGTGGAGT,2184,8839,Injured AEC2,Experiment 2,0.969156109492425,2,Other Injured AEC2,-20.061545730947753,13.143702823266565
ATIIinjured2expt2_CATGACACACGTCTCT,1915,8696,Injured AEC2,Experiment 2,0.580856335331033,0,Other Injured AEC2,5.291676448052444,0.3433087525203624
ATIIinjured1expt2_GAACGGAAGGACTGGT,2130,8652,Injured AEC2,Experiment 2,0.885287698185518,1,Other Injured AEC2,-10.931798071938841,-6.07894578906235
ATIIinjured2expt2_GCTCTGTGTGAAATCA,2311,11526,Injured AEC2,Experiment 2,0.5463778887192712,0,Other Injured AEC2,5.682914642036411,13.700415504561974
ATIIinjured1expt2_CGATTGACACTGTGTA,2579,10234,Injured AEC2,Experiment 2,0.5637657000756316,2,Other Injured AEC2,-25.165777959751836,9.64111304803789
ATIIinjured1expt2_CGCTGGAAGTTGAGAT,689,1796,Injured AEC2,Experiment 2,0.16699350063309795,3,Other Injured AEC2,35.55170418868772,6.2316481697953705
ATIIinjured2expt2_TCGCGAGGTAGCCTCG,1647,5189,Injured AEC2,Experiment 2,0.4923233350449441,0,Other Injured AEC2,2.9631552913125176,20.93954703626927
ATIIinjured1expt2_GGCGACTGTCTGCCAG,1689,6035,Injured AEC2,Experiment 2,0.2646009722971192,0,Other Injured AEC2,8.738789301611643,6.540365522668798
ATIIinjured2expt2_AAGACCTCAAGCGCTC,1977,6912,Injured AEC2,Experiment 2,0.8340029550034078,1,Other Injured AEC2,-9.070128118353251,-18.545939663265585
ATIIinjured1expt2_TTTACTGAGACAAGCC,2095,6923,Injured AEC2,Experiment 2,1.0358378450438186,2,Other Injured AEC2,-20.44119861233484,1.7365176893940584
ATIIinjured1expt2_GTCTCGTAGTACGTAA,1581,5554,Injured AEC2,Experiment 2,0.3100499136521796,4,Other Injured AEC2,19.51559649494024,-4.251974063601477
ATIIinjured1expt2_AGTGTCAAGTCAAGGC,2643,11284,Injured AEC2,Experiment 2,0.969156109492425,1,Other Injured AEC2,-18.834977276131113,-20.39009656647154
ATIIinjured2expt2_AGCTCCTGTCTTGCGG,2337,11372,Injured AEC2,Experiment 2,0.9459027626858089,0,Other Injured AEC2,-11.101040197557365,3.4001044440555224
ATIIinjured2expt2_GTCCTCAGTACGACCC,1369,4197,Injured AEC2,Experiment 2,0.4923233350449441,3,Other Injured AEC2,18.61329309124284,21.380875378160884
ATIIinjured1expt2_CCGTGGAAGGAGCGTT,1735,5861,Injured AEC2,Experiment 2,0.5286823833646396,0,Other Injured AEC2,-7.7106764162937385,9.917455355818657
ATIIinjured2expt2_CATCCACTCTACCAGA,1833,6560,Injured AEC2,Experiment 2,0.41538154834733476,0,Other Injured AEC2,3.7592598463860702,12.109642557674537
ATIIinjured1expt2_TTAGTTCTCATTATCC,1639,6431,Injured AEC2,Experiment 2,0.6141855329350174,4,Other Injured AEC2,3.320687940653734,-13.077905698290479
ATIIinjured2expt1_TCGAGGCCATTTGCTT,3072,14721,Injured AEC2,Experiment 1,0.8207600085624883,2,Other Injured AEC2,-15.467094863418998,14.414209101598555
ATIIinjured2expt2_GAATGAACACCGTTGG,1716,4784,Injured AEC2,Experiment 2,0.5637657000756316,2,Other Injured AEC2,-24.744433056797664,2.662471991776505
ATIIinjured2expt2_GCCTCTAAGGAATCGC,2171,8500,Injured AEC2,Experiment 2,0.9220957987513027,2,Other Injured AEC2,-5.3761311147145,-16.666881959828917
ATIIinjured1expt2_GGAATAAGTATTAGCC,2163,7645,Injured AEC2,Experiment 2,0.41538154834733476,2,Other Injured AEC2,-17.50144932638956,13.400751356406728
ATIIinjured2expt2_ACGGGTCGTGTGCGTC,1728,7801,Injured AEC2,Experiment 2,0.5286823833646396,3,Other Injured AEC2,26.35991570778451,12.108144691494244
ATIIinjured2expt2_AGACGTTCAAGCTGAG,1719,6856,Injured AEC2,Experiment 2,0.4545922640499659,0,Other Injured AEC2,7.192859223933842,20.698341844727832
ATIIinjured2expt2_GTAGTCATCCCATTTA,2248,10364,Injured AEC2,Experiment 2,0.7373934693615488,0,Other Injured AEC2,2.506203996174309,16.41969415555686
ATIIinjured1expt2_ATCATCTAGGCTCAGA,2029,7122,Injured AEC2,Experiment 2,0.6929502690407425,2,Other Injured AEC2,-9.622145192789525,21.36148033033214
ATIIinjured2expt2_CTACCCATCAGCCTAA,886,2240,Injured AEC2,Experiment 2,0.21698766633129607,3,Other Injured AEC2,28.828229300018986,17.706589015556094
ATIIinjured1expt2_TGACTTTCATGTCTCC,1744,6019,Injured AEC2,Experiment 2,0.4351790789164562,0,Other Injured AEC2,-8.10866563945718,-2.9291139499547905
ATIIinjured2expt2_CGTCACTTCCTTAATC,1695,6377,Injured AEC2,Experiment 2,0.6464396310241439,3,Other Injured AEC2,21.67513777809699,29.848259574227985
ATIIinjured2expt2_ATTACTCTCATATCGG,1820,6799,Injured AEC2,Experiment 2,0.5106680976526824,1,Other Injured AEC2,-8.125641941953912,-8.725992405822415
ATIIinjured2expt2_GGACATTCACGACGAA,1677,5836,Injured AEC2,Experiment 2,0.6929502690407425,0,Other Injured AEC2,-0.9935515299191647,19.049489303768237
ATIIinjured1expt2_ACGCAGCGTAAGTGGC,1660,5845,Injured AEC2,Experiment 2,0.8727109726043663,1,Other Injured AEC2,0.5831990801401008,-28.119274273838826
ATIIinjured1expt2_GATCGATTCATGCTCC,1745,6475,Injured AEC2,Experiment 2,0.580856335331033,4,Other Injured AEC2,0.9924714328775978,-2.8741713746660102
ATIIinjured2expt2_AACGTTGCATCCTTGC,1444,4951,Injured AEC2,Experiment 2,0.3100499136521796,0,Other Injured AEC2,16.358001184610686,4.3284508317058545
ATIIinjured1expt2_AATCCAGGTAGGGTAC,1845,6449,Injured AEC2,Experiment 2,0.897708212335174,1,Other Injured AEC2,-9.039703365554551,-24.19274379356869
ATIIinjured1expt1_CCCTCCTAGAGTAAGG,1889,7897,Injured AEC2,Experiment 1,0.6464396310241439,0,Other Injured AEC2,12.665684150487168,0.2631105295931189
ATIIinjured2expt2_GCATACAGTAAGGATT,1494,5491,Injured AEC2,Experiment 2,0.1923029780262074,3,Other Injured AEC2,18.326421088969965,20.536636264962695
ATIIinjured1expt1_CTGCTGTCAAGCTGTT,2479,11702,Injured AEC2,Experiment 1,0.897708212335174,2,Other Injured AEC2,-13.8968876178963,0.613390453526122
ATIIinjured2expt2_AGTGTCAAGCGATAGC,2364,10454,Injured AEC2,Experiment 2,1.2906986469610786,1,Other Injured AEC2,-20.839150067240627,-8.629247045393935
ATIIinjured2expt2_TCTTTCCCATCGGAAG,1348,4198,Injured AEC2,Experiment 2,0.3100499136521796,4,Other Injured AEC2,11.091013962191742,-12.154449622978817
ATIIinjured2expt2_AGAGCTTTCTCGTATT,1317,4463,Injured AEC2,Experiment 2,0.4545922640499659,4,Other Injured AEC2,33.310297365221935,11.79957008811049
ATIIinjured2expt1_TGGGAAGGTCAGAGGT,1104,3529,Injured AEC2,Experiment 1,0.1923029780262074,4,Other Injured AEC2,29.40674288493064,0.6132430758705738
ATIIinjured1expt2_AGCGGTCGTAAACCTC,2192,8621,Injured AEC2,Experiment 2,0.5286823833646396,0,Other Injured AEC2,-4.914389512620885,11.464081254448987
ATIIinjured1expt2_GTCGTAAAGCATCATC,1892,6712,Injured AEC2,Experiment 2,0.6141855329350174,1,Other Injured AEC2,-5.296389420318354,-20.784363386801605
ATIIinjured2expt2_GTACTTTTCGTTTAGG,1423,4998,Injured AEC2,Experiment 2,0.37457038428582884,3,Other Injured AEC2,18.266253721926674,22.572435964296513
ATIIinjured1expt2_GTTCATTGTCTAAAGA,1319,3491,Injured AEC2,Experiment 2,0.16699350063309795,0,Other Injured AEC2,18.165078982232398,2.428036017809786
ATIIinjured1expt2_CGTGAGCTCCATGAAC,2123,8881,Injured AEC2,Experiment 2,0.21698766633129607,1,Other Injured AEC2,-0.7121055403297755,-22.62583493541182
ATIIinjured1expt2_TTCGAAGTCAGTGTTG,3104,15518,Injured AEC2,Experiment 2,1.2127458882851083,2,Other Injured AEC2,-27.93047656294188,9.128798679859727
ATIIinjured2expt2_CAGGTGCCAAGAAAGG,1670,5963,Injured AEC2,Experiment 2,0.5463778887192712,1,Other Injured AEC2,-2.645451596361741,-32.83489997799066
ATIIinjured1expt1_CGGTTAATCAGTGCAT,1679,5280,Injured AEC2,Experiment 1,0.5976597821332662,2,Other Injured AEC2,-1.2236471154170039,23.35290697543472
ATIIinjured1expt1_CTGAAGTCATGCTAGT,1814,6923,Injured AEC2,Experiment 1,0.4736357432073594,0,Other Injured AEC2,-9.415658219870009,-9.220007611609619
ATIIinjured1expt2_CTCGAGGTCAACTCTT,2022,8765,Injured AEC2,Experiment 2,0.9918810031943951,0,Other Injured AEC2,-4.550281105200458,18.810850960623064
ATIIinjured2expt2_AGTCTTTAGATCCCGC,1392,4901,Injured AEC2,Experiment 2,0.3320225419717631,0,Other Injured AEC2,7.729935246307803,3.785995184048924
ATIIinjured1expt1_GCTCCTACACGTCTCT,1960,7945,Injured AEC2,Experiment 1,0.41538154834733476,0,Other Injured AEC2,25.416990253359643,6.412735226598172
ATIIinjured2expt2_CTACCCAAGGCGACAT,1154,3025,Injured AEC2,Experiment 2,0.24107767091361132,3,Other Injured AEC2,17.976500659744325,14.749675891884792
ATIIinjured2expt2_GGCTGGTCAAGAAGAG,2851,13675,Injured AEC2,Experiment 2,0.9805831075536658,2,Other Injured AEC2,-27.366280900375873,4.81295246912888
ATIIinjured2expt2_GACGGCTCAGCGAACA,2666,12719,Injured AEC2,Experiment 2,0.6141855329350174,2,Other Injured AEC2,-18.17746829257759,16.001516799329565
ATIIinjured1expt2_GAGGTGAAGATGCCAG,1622,5760,Injured AEC2,Experiment 2,0.8073393301640122,4,Other Injured AEC2,15.984319267596305,-15.301122357253103
ATIIinjured1expt2_GGGTTGCCAAGCCCAC,2498,10993,Injured AEC2,Experiment 2,0.9805831075536658,1,Other Injured AEC2,-12.29429375525242,-15.807837686712244
ATIIinjured1expt2_GTTTCTATCAACGGCC,1794,5364,Injured AEC2,Experiment 2,0.37457038428582884,1,Other Injured AEC2,-0.13194194151695596,-32.71590138547851
ATIIinjured1expt2_GGGAATGGTCTAGTGT,2399,8898,Injured AEC2,Experiment 2,1.1379537705709346,2,Other Injured AEC2,-22.62835558134699,-14.573493170663996
ATIIinjured2expt1_CTTACCGAGTATTGGA,2397,9901,Injured AEC2,Experiment 1,0.7079852071336866,2,Other Injured AEC2,-22.361843909423715,13.393557914034478
ATIIinjured2expt2_CGATTGAAGCGTTCCG,1215,3534,Injured AEC2,Experiment 2,0.3100499136521796,3,Other Injured AEC2,28.32736299824655,8.903138817289435
ATIIinjured2expt2_ACGCCGAAGACTTGAA,1090,2589,Injured AEC2,Experiment 2,0.24107767091361132,4,Other Injured AEC2,22.324742216001646,1.1148847847613268
ATIIinjured2expt2_ACCGTAATCCCATTTA,1360,4129,Injured AEC2,Experiment 2,0.5976597821332662,3,Other Injured AEC2,5.9435954462148874,22.01640436885225
ATIIinjured1expt2_TTCTTAGCATCTCGCT,2934,14614,Injured AEC2,Experiment 2,1.0250284481276786,2,Other Injured AEC2,-19.776536978441353,17.589599853012093
ATIIinjured2expt2_GTACTTTAGTGCAAGC,2111,6673,Injured AEC2,Experiment 2,0.8470728154854684,2,Other Injured AEC2,-13.617400459276444,12.747131196718438
ATIIinjured1expt2_TGGCGCACAGACACTT,3138,16104,Injured AEC2,Experiment 2,1.315388617557753,2,Other Injured AEC2,-25.064228949713744,13.305086210268014
ATIIinjured2expt2_GGCCGATAGGCCCGTT,1877,6889,Injured AEC2,Experiment 2,0.7079852071336866,2,Other Injured AEC2,-14.471020231328389,2.6340726226678246
ATIIinjured2expt2_CGTCAGGCATGGGAAC,1731,6431,Injured AEC2,Experiment 2,0.7517795158056413,1,Other Injured AEC2,-4.205180805416801,-21.001983705314405
ATIIinjured2expt1_AGGGAGTAGGGTCTCC,1823,6203,Injured AEC2,Experiment 1,0.5286823833646396,2,Other Injured AEC2,-0.17542634418799988,24.288376014412254
ATIIinjured2expt2_CGGACACCAATCCGAT,1634,6480,Injured AEC2,Experiment 2,0.4351790789164562,4,Other Injured AEC2,13.722270005212721,-6.828366439186251
ATIIinjured1expt2_CATGCCTCAGCCTATA,1879,6952,Injured AEC2,Experiment 2,0.8207600085624883,1,Other Injured AEC2,0.21248108174284575,-23.95521794628423
ATIIinjured2expt2_ACACCAAAGCTAAGAT,1761,6016,Injured AEC2,Experiment 2,0.4545922640499659,3,Other Injured AEC2,13.968810972524038,27.203878284491108
ATIIinjured2expt2_CATCGGGTCCGTAGGC,2097,8910,Injured AEC2,Experiment 2,0.7937360841987519,0,Other Injured AEC2,-5.0698888200975265,-2.529302825023361
ATIIinjured2expt2_AGGTCATTCTTATCTG,2982,13454,Injured AEC2,Experiment 2,1.1666603048149773,2,Other Injured AEC2,-27.913755431787365,10.082874718789302
ATIIinjured1expt2_GAACGGACAAAGCAAT,1605,5869,Injured AEC2,Experiment 2,0.6141855329350174,4,Other Injured AEC2,2.0600963462473003,-8.796836879234604
ATIIinjured2expt2_CGAGCCATCTGTCAAG,1798,7041,Injured AEC2,Experiment 2,0.41538154834733476,0,Other Injured AEC2,6.649906622573162,20.4449522045732
ATIIinjured2expt1_TGGCGCAGTTCGTCTC,1998,6711,Injured AEC2,Experiment 1,0.24107767091361132,0,Other Injured AEC2,2.129144058919753,14.951915951656522
ATIIinjured1expt2_GGAAAGCCATCCCACT,1879,6266,Injured AEC2,Experiment 2,0.5106680976526824,0,Other Injured AEC2,6.023903767727954,-18.775621261424064
ATIIinjured1expt2_CACACAAGTTACCAGT,1981,7891,Injured AEC2,Experiment 2,0.9099763479973537,4,Other Injured AEC2,6.610759807487659,-12.092955252437187
ATIIinjured1expt1_TGGCTGGCATGCATGT,2043,9199,Injured AEC2,Experiment 1,0.6621847644459135,3,Other Injured AEC2,23.309268770180175,13.245094981110586
ATIIinjured1expt2_GTGTGCGGTCGAGTTT,2114,9041,Injured AEC2,Experiment 2,0.8207600085624883,2,Other Injured AEC2,-14.725243120967308,17.657458713373398
ATIIinjured2expt2_GTCAAGTAGAGGTTGC,1703,6148,Injured AEC2,Experiment 2,0.5637657000756316,1,Other Injured AEC2,8.561479636612152,-22.098377491678914
ATIIinjured2expt2_AACCATGCATAGTAAG,1579,5286,Injured AEC2,Experiment 2,0.5286823833646396,0,Other Injured AEC2,13.155744294124434,1.3702330169386823
ATIIinjured2expt1_CATCGAAGTTGGACCC,2489,11522,Injured AEC2,Experiment 1,0.7227974400881334,0,Other Injured AEC2,-3.0155919719880044,2.777807789993838
ATIIinjured1expt1_TCAGGATGTGTGTGCC,2183,8726,Injured AEC2,Experiment 1,0.5976597821332662,4,Other Injured AEC2,-19.656820252527755,-8.604446794444243
ATIIinjured2expt2_TTATGCTTCAAACCGT,825,1962,Injured AEC2,Experiment 2,0.1923029780262074,3,Other Injured AEC2,28.13571786385304,22.466686672213616
ATIIinjured1expt1_TCAGGTAGTAAATGAC,2176,8901,Injured AEC2,Experiment 1,0.7659615355856946,0,Other Injured AEC2,6.467912761469879,6.364302772217097
ATIIinjured2expt2_ATAACGCTCGCAGGCT,1695,6031,Injured AEC2,Experiment 2,0.6776858266116346,0,Other Injured AEC2,4.475682673978019,16.80127671033586
ATIIinjured1expt1_GCGCCAATCACTGGGC,2516,13091,Injured AEC2,Experiment 1,1.0141009301699284,0,Other Injured AEC2,-4.6791965174366705,0.535456713833239
ATIIinjured2expt2_CTCCTAGCATGGGAAC,1836,6587,Injured AEC2,Experiment 2,0.08697856109562721,0,Other Injured AEC2,3.312319768088031,12.54738429992851
ATIIinjured2expt2_ACCTTTACATTCCTCG,1041,2884,Injured AEC2,Experiment 2,0.1923029780262074,3,Other Injured AEC2,27.02726772593588,21.171961089386453
ATIIinjured1expt2_GTACTCCGTGATGTCT,1541,5144,Injured AEC2,Experiment 2,0.5106680976526824,4,Other Injured AEC2,2.675075623212702,-8.093986505574733
ATIIinjured2expt2_AGTCTTTAGACCGGAT,1202,3299,Injured AEC2,Experiment 2,0.35352273592251987,0,Other Injured AEC2,-1.3033911192324965,21.833765279183172
ATIIinjured2expt2_TGCTGCTCAATCAGAA,1624,5762,Injured AEC2,Experiment 2,0.6304426171985398,0,Other Injured AEC2,13.29927924451773,-2.6453659966710865
ATIIinjured1expt2_CAACCTCGTCTTCGTC,1472,4153,Injured AEC2,Experiment 2,0.3100499136521796,3,Other Injured AEC2,15.297545161726369,19.66976450579414
ATIIinjured1expt1_GCTGCGAAGCGTGAAC,1411,5281,Injured AEC2,Experiment 1,0.4545922640499659,0,Other Injured AEC2,26.90032854740112,3.9995879941543793
ATIIinjured2expt2_GATCGTAGTCTAGCCG,1393,4108,Injured AEC2,Experiment 2,0.24107767091361132,0,Other Injured AEC2,-1.1074353635152898,4.234986828589599
ATIIinjured1expt2_CGGCTAGGTGCATCTA,1411,4596,Injured AEC2,Experiment 2,0.5106680976526824,0,Other Injured AEC2,9.68866756415976,7.135907553353959
ATIIinjured2expt2_CGAGAAGCATCACGAT,2191,9014,Injured AEC2,Experiment 2,0.6621847644459135,0,Other Injured AEC2,6.692125772202384,26.39237374773792
ATIIinjured2expt1_CCTCAGTCATGCCACG,2819,14963,Injured AEC2,Experiment 1,0.8470728154854684,2,Other Injured AEC2,-15.663628787892268,10.817020617095292
ATIIinjured1expt2_ATGTGTGCACGACGAA,1532,5196,Injured AEC2,Experiment 2,0.37457038428582884,3,Other Injured AEC2,22.328666552650972,14.978429920900078
ATIIinjured1expt2_ACGAGCCCACGGACAA,2103,8023,Injured AEC2,Experiment 2,0.9220957987513027,1,Other Injured AEC2,14.180652626831822,-33.270834933402
ATIIinjured1expt1_TAGCCGGCAGCTATTG,2064,8108,Injured AEC2,Experiment 1,0.5286823833646396,1,Other Injured AEC2,0.7389884519917544,-34.58315886647427
ATIIinjured1expt2_TAAGTGCTCCCAGGTG,1407,4724,Injured AEC2,Experiment 2,0.7079852071336866,0,Other Injured AEC2,14.560421227475024,0.4985324406300626
ATIIinjured2expt2_TTGTAGGCACCCATGG,1675,6074,Injured AEC2,Experiment 2,0.39518414575896094,1,Other Injured AEC2,2.193341387129334,-26.401460561825314
ATIIinjured2expt2_CGCCAAGGTCTACCTC,1496,5432,Injured AEC2,Experiment 2,0.6304426171985398,0,Other Injured AEC2,8.87658627458149,11.923464276239345
ATIIinjured1expt2_TGCGGGTGTACGAAAT,1210,4646,Injured AEC2,Experiment 2,0.21698766633129607,3,Other Injured AEC2,28.326471810350178,18.03407047956585
ATIIinjured2expt2_GATGCTAAGACCACGA,1143,3288,Injured AEC2,Experiment 2,0.28758362153894784,0,Other Injured AEC2,27.29836760295068,10.384525557849145
ATIIinjured2expt2_CCGTACTAGGGTTCCC,1984,8085,Injured AEC2,Experiment 2,0.8073393301640122,0,Other Injured AEC2,-3.223051354916403,18.704998013608343
ATIIinjured1expt2_AGAGCTTAGCTCCTCT,2505,11950,Injured AEC2,Experiment 2,0.5463778887192712,0,Other Injured AEC2,-4.469266896166022,11.380263545462162
ATIIinjured1expt2_AATCGGTGTACCGTTA,1465,4840,Injured AEC2,Experiment 2,0.6621847644459135,1,Other Injured AEC2,11.007442834812487,-23.597636438527765
ATIIinjured1expt2_CTCACACTCAGGTTCA,1939,7475,Injured AEC2,Experiment 2,0.41538154834733476,0,Other Injured AEC2,0.18563714063639986,16.47783851917473
ATIIinjured1expt2_GAAACTCCACAACTGT,2113,7737,Injured AEC2,Experiment 2,0.39518414575896094,1,Other Injured AEC2,-18.7051010375705,-23.69422192625615
ATIIinjured1expt2_CCTCAGTTCCGCTGTT,1460,4403,Injured AEC2,Experiment 2,0.1923029780262074,4,Other Injured AEC2,26.806341945106823,-9.10003810918186
ATIIinjured1expt2_CAGTAACAGGCTATCT,2200,9286,Injured AEC2,Experiment 2,0.6776858266116346,1,Other Injured AEC2,-15.145125919170393,-23.744681834488006
ATIIinjured2expt2_CGTTCTGCATGGTCTA,2055,7584,Injured AEC2,Experiment 2,0.6776858266116346,3,Other Injured AEC2,9.574947627229058,20.539122277834682
ATIIinjured2expt1_ATCACGACAGGCTCAC,2307,9968,Injured AEC2,Experiment 1,0.580856335331033,0,Other Injured AEC2,-10.945439116806453,-4.6027257215139326
ATIIinjured1expt1_GTAGTCAAGTATTGGA,2431,8773,Injured AEC2,Experiment 1,0.7373934693615488,2,Other Injured AEC2,-6.347109153654623,23.2425906453385
ATIIinjured2expt1_TTAGGCAAGGATCGCA,2097,10031,Injured AEC2,Experiment 1,0.7227974400881334,4,Other Injured AEC2,12.7784175164215,-9.687899572200967
ATIIinjured2expt1_ACAGCCGGTCCAAGTT,949,2635,Injured AEC2,Experiment 1,0.1410267831982121,3,Other Injured AEC2,32.4767596812877,4.301516574079479
ATIIinjured1expt1_GGTGTTAAGATATGGT,2014,8512,Injured AEC2,Experiment 1,0.8599740561822437,4,Other Injured AEC2,24.63842034526945,-8.146407434879992
ATIIinjured1expt2_ACTTTCAGTCAATACC,2504,12307,Injured AEC2,Experiment 2,0.5286823833646396,0,Other Injured AEC2,-3.7299261429042416,6.541836494186151
ATIIinjured2expt2_GCAGCCATCTTCGGTC,1987,7771,Injured AEC2,Experiment 2,0.7373934693615488,1,Other Injured AEC2,1.6335758108689562,-24.4159334336865
ATIIinjured1expt2_TGGCCAGTCTGGTATG,1901,7054,Injured AEC2,Experiment 2,0.6776858266116346,0,Other Injured AEC2,-13.79850714328481,-3.584879940303055
ATIIinjured1expt2_TCGAGGCCATTCTCAT,1448,4275,Injured AEC2,Experiment 2,0.35352273592251987,0,Other Injured AEC2,12.038785741188722,-5.196320734720263
ATIIinjured2expt2_AGGTCATGTGTGCGTC,1226,3434,Injured AEC2,Experiment 2,0.4545922640499659,4,Other Injured AEC2,21.47211670458584,-2.8966843982342025
ATIIinjured1expt2_GGACGTCGTCATACTG,1901,7208,Injured AEC2,Experiment 2,0.5637657000756316,4,Other Injured AEC2,-1.5099508587371364,-7.039218985642187
ATIIinjured1expt2_CCTCAGTAGAGACGAA,2012,7287,Injured AEC2,Experiment 2,1.0983497313584196,4,Other Injured AEC2,-3.158412359513297,-12.770475183306932
ATIIinjured2expt2_CATGACATCGCTTAGA,1254,3491,Injured AEC2,Experiment 2,0.3320225419717631,0,Other Injured AEC2,14.202306223202047,12.46712887180736
ATIIinjured1expt2_GATGCTATCATCGGAT,2251,8626,Injured AEC2,Experiment 2,0.6304426171985398,0,Other Injured AEC2,-12.797382007818294,-1.6810539502567154
ATIIinjured1expt2_CACACAACATGTTCCC,1450,4160,Injured AEC2,Experiment 2,0.3320225419717631,3,Other Injured AEC2,19.009959333730574,27.06058346656124
ATIIinjured1expt2_ACTTACTAGCCAACAG,1883,6764,Injured AEC2,Experiment 2,0.5286823833646396,1,Other Injured AEC2,5.006108223845718,-18.375076813209926
ATIIinjured1expt2_GCGCCAAGTCAGATAA,2565,10835,Injured AEC2,Experiment 2,0.5286823833646396,2,Other Injured AEC2,-7.329455301272581,13.45985178308964
ATIIinjured1expt1_GACGGCTTCCTTGGTC,2291,10009,Injured AEC2,Experiment 1,0.39518414575896094,1,Other Injured AEC2,-17.813143682011198,-12.313922115491918
ATIIinjured1expt1_TCGGTAACACAAGCCC,2280,9648,Injured AEC2,Experiment 1,0.9918810031943951,0,Other Injured AEC2,-11.535440239903727,-4.53644293257264
ATIIinjured1expt2_ACAGCTAAGGACCACA,1552,5545,Injured AEC2,Experiment 2,0.1410267831982121,3,Other Injured AEC2,25.494305932104634,14.541178298828028
ATIIinjured1expt2_ACGATGTGTCTCGTTC,1886,7057,Injured AEC2,Experiment 2,0.4351790789164562,1,Other Injured AEC2,1.965878325436461,-24.488456139084413
ATIIinjured2expt2_CTCTGGTTCGACCAGC,1434,4652,Injured AEC2,Experiment 2,0.3100499136521796,0,Other Injured AEC2,-10.737322529229555,4.473296695187589
ATIIinjured2expt2_CAGCTAAGTAGTGAAT,700,1982,Injured AEC2,Experiment 2,0.21698766633129607,3,Other Injured AEC2,32.041927404548204,20.628087864563724
ATIIinjured2expt2_GATCGCGAGCGGCTTC,1821,6642,Injured AEC2,Experiment 2,0.7227974400881334,3,Other Injured AEC2,7.747017755232466,24.315306425801733
ATIIinjured1expt2_TTTACTGTCTTAGAGC,1683,4930,Injured AEC2,Experiment 2,0.5463778887192712,0,Other Injured AEC2,12.40015323698356,9.603840778131085
ATIIinjured2expt2_TTAGGCAGTGCAGACA,982,2438,Injured AEC2,Experiment 2,0.21698766633129607,3,Other Injured AEC2,25.918958757617517,15.749991961307835
ATIIinjured1expt1_CGGTTAACAGCTGTGC,2493,10482,Injured AEC2,Experiment 1,0.39518414575896094,2,Other Injured AEC2,-19.875092396239864,10.362148248182065
ATIIinjured2expt2_CACCTTGAGGAGTTTA,2153,11050,Injured AEC2,Experiment 2,1.118347798143087,2,Other Injured AEC2,-8.86223663908536,3.5409353754974275
ATIIinjured1expt2_TCAACGACAATTGCTG,2196,9521,Injured AEC2,Experiment 2,0.5106680976526824,0,Other Injured AEC2,-0.49438102290476466,8.155355750416545
ATIIinjured2expt2_GCATGATCACATGTGT,1788,6495,Injured AEC2,Experiment 2,0.4736357432073594,0,Other Injured AEC2,-9.467626740328683,7.9270614703846896
ATIIinjured1expt1_TGACAACCAGACGCTC,2889,11214,Injured AEC2,Experiment 1,0.5106680976526824,3,Other Injured AEC2,11.029613276770345,30.689876361230404
ATIIinjured2expt2_CTGATCCCATCCGCGA,1467,4947,Injured AEC2,Experiment 2,0.6621847644459135,1,Other Injured AEC2,3.9542911172118917,-28.03405808541062
ATIIinjured1expt2_TAGAGCTTCACATAGC,2531,12343,Injured AEC2,Experiment 2,1.1571827287308976,2,Other Injured AEC2,-17.228587102812615,10.308496825003763
ATIIinjured2expt2_GTCCTCAAGGATATAC,1913,7680,Injured AEC2,Experiment 2,0.16699350063309795,0,Other Injured AEC2,-5.466672764274133,-0.13940410055054053
ATIIinjured2expt2_AAAGTAGGTTTGCATG,1343,3982,Injured AEC2,Experiment 2,0.4351790789164562,0,Other Injured AEC2,17.089962337198372,3.9006979475557126
ATIIinjured2expt2_AGAGCGATCAATACCG,1519,5041,Injured AEC2,Experiment 2,0.16699350063309795,4,Other Injured AEC2,22.18749498947914,-5.46338549230851
ATIIinjured1expt2_AAACGGGAGACCTTTG,2679,11158,Injured AEC2,Experiment 2,0.8727109726043663,2,Other Injured AEC2,-27.67122646272231,8.28936738283033
ATIIinjured2expt2_GAACGGAGTAAACGCG,1582,5461,Injured AEC2,Experiment 2,0.6141855329350174,0,Other Injured AEC2,20.20468877330504,7.069112773731827
ATIIinjured2expt2_TCGTAGAGTCTTCGTC,1136,3347,Injured AEC2,Experiment 2,0.3320225419717631,3,Other Injured AEC2,25.45511799656616,8.138800825347795
ATIIinjured1expt1_CACATTTGTAAGGGCT,3378,17515,Injured AEC2,Experiment 1,1.067582175679825,1,Other Injured AEC2,-14.479929015570436,-20.285376829696993
ATIIinjured2expt2_CTAGTGACATCAGTAC,2266,9078,Injured AEC2,Experiment 2,0.8599740561822437,4,Other Injured AEC2,7.939069571198113,-17.35533545795975
ATIIinjured1expt2_TAAGAGACAAGTCTGT,1975,7803,Injured AEC2,Experiment 2,0.5106680976526824,0,Other Injured AEC2,-0.638464965094965,14.389360161230009
ATIIinjured1expt2_AAGGCAGTCGCGTAGC,2054,9031,Injured AEC2,Experiment 2,0.7517795158056413,0,Other Injured AEC2,3.6989942628455377,0.3516604743793482
ATIIinjured2expt2_ATCGAGTCAGCTCCGA,1251,3573,Injured AEC2,Experiment 2,0.3100499136521796,3,Other Injured AEC2,13.956417497072678,22.0621360332012
ATIIinjured1expt2_TTTCCTCCATTGAGCT,1559,4701,Injured AEC2,Experiment 2,0.39518414575896094,4,Other Injured AEC2,23.487269389809352,-11.51626921911199
ATIIinjured1expt1_GCATACACATGCCTAA,2015,8487,Injured AEC2,Experiment 1,0.9099763479973537,3,Other Injured AEC2,19.467287824832855,13.529566988314556
ATIIinjured1expt2_GTGCATACAAACGTGG,978,2582,Injured AEC2,Experiment 2,0.1410267831982121,3,Other Injured AEC2,27.61863540939872,20.160274522015374
ATIIinjured2expt2_CACCTTGAGCGTCTAT,1726,6160,Injured AEC2,Experiment 2,0.35352273592251987,0,Other Injured AEC2,1.5412281240088224,-20.465696018492622
ATIIinjured1expt2_CCCAGTTGTGTAAGTA,1471,5172,Injured AEC2,Experiment 2,0.39518414575896094,4,Other Injured AEC2,19.139313289327198,-6.583943156453835
ATIIinjured1expt2_ATCTGCCTCTTAGAGC,1713,6592,Injured AEC2,Experiment 2,0.6929502690407425,4,Other Injured AEC2,2.942653406518541,-8.266832078495957
ATIIinjured2expt2_AGCTCTCGTCGACTGC,2114,8754,Injured AEC2,Experiment 2,0.8727109726043663,2,Other Injured AEC2,-16.261085829599317,-6.995572190735353
ATIIinjured2expt2_CGATGTAAGGTGCTTT,1676,7602,Injured AEC2,Experiment 2,0.5637657000756316,4,Other Injured AEC2,18.015856361505758,-16.595760292093694
ATIIinjured1expt2_ACCGTAAGTACAGTGG,2526,12720,Injured AEC2,Experiment 2,1.1476144680428548,1,Other Injured AEC2,-15.663603548957449,-15.058831125165645
ATIIinjured1expt2_GACACGCCAGCCTATA,2009,7904,Injured AEC2,Experiment 2,0.6141855329350174,3,Other Injured AEC2,10.977387015113145,23.55991689394022
ATIIinjured2expt2_TCTTTCCAGAGTACCG,2662,13087,Injured AEC2,Experiment 2,0.2646009722971192,2,Other Injured AEC2,-22.302029620083758,4.248488563743513
ATIIinjured2expt2_AGCAGCCCAAGCGTAG,1351,4222,Injured AEC2,Experiment 2,0.5286823833646396,1,Other Injured AEC2,11.585063626896874,-22.608954458449272
ATIIinjured1expt2_TTTGCGCTCCCAAGTA,1884,7371,Injured AEC2,Experiment 2,0.7227974400881334,1,Other Injured AEC2,10.892275921179445,-27.100276396852575
ATIIinjured2expt2_TCTTCGGGTCAAAGCG,1317,4491,Injured AEC2,Experiment 2,0.37457038428582884,4,Other Injured AEC2,20.290786817529803,-10.271824928194729
ATIIinjured1expt2_GAACATCGTACCGTAT,2357,9083,Injured AEC2,Experiment 2,0.969156109492425,1,Other Injured AEC2,-10.319433711784676,-16.47360557541077
ATIIinjured2expt2_GCCTCTAGTAGCGCTC,2034,8925,Injured AEC2,Experiment 2,0.6776858266116346,1,Other Injured AEC2,9.794033104131298,-28.48611377209992
ATIIinjured2expt2_TCCCGATAGTCATGCT,2146,9117,Injured AEC2,Experiment 2,0.5976597821332662,0,Other Injured AEC2,-1.7962212133184052,-21.69055999069828
ATIIinjured2expt2_TGCCCTACACAACGTT,1707,6051,Injured AEC2,Experiment 2,0.5637657000756316,0,Other Injured AEC2,12.099112011271028,9.505394392892162
ATIIinjured2expt2_CCCAGTTCACCTATCC,1103,2410,Injured AEC2,Experiment 2,0.1410267831982121,3,Other Injured AEC2,21.043005094451054,18.214424146901408
ATIIinjured1expt2_CTCTACGCAAGGCTCC,1781,6501,Injured AEC2,Experiment 2,0.6776858266116346,0,Other Injured AEC2,-0.4077962514092897,20.88994060102101
ATIIinjured1expt2_CATATGGAGTCAAGCG,2652,11014,Injured AEC2,Experiment 2,0.6776858266116346,2,Other Injured AEC2,-6.842670880139197,15.242452346554852
ATIIinjured1expt1_GACCTGGCATTAGGCT,2827,10223,Injured AEC2,Experiment 1,0.7373934693615488,2,Other Injured AEC2,-30.830620836531082,1.8138859754391428
ATIIinjured2expt1_CTGTTTAAGGCAGTCA,2149,8728,Injured AEC2,Experiment 1,0.6304426171985398,4,Other Injured AEC2,10.740749984363546,-11.804539948408289
ATIIinjured1expt1_TACACGACATATACGC,2537,12254,Injured AEC2,Experiment 1,0.6464396310241439,1,Other Injured AEC2,-12.810347801173117,-7.200677164878496
ATIIinjured1expt2_CTTAGGATCCCATTTA,2937,10620,Injured AEC2,Experiment 2,0.6464396310241439,2,Other Injured AEC2,-33.735613712682515,2.556905799605087
ATIIinjured2expt2_AAATGCCGTCGCATAT,2416,8892,Injured AEC2,Experiment 2,0.6141855329350174,2,Other Injured AEC2,-26.45439755528358,8.286902199775204
ATIIinjured1expt2_TTAGGCACATGAGCGA,2883,12628,Injured AEC2,Experiment 2,0.7373934693615488,2,Other Injured AEC2,-27.821827304561566,9.91710651045627
ATIIinjured1expt2_CTCTGGTAGGCTCAGA,2033,8264,Injured AEC2,Experiment 2,0.9099763479973537,4,Other Injured AEC2,6.686689088987191,-13.449831250930746
ATIIinjured1expt2_CTTTGCGTCCACGACG,1448,4677,Injured AEC2,Experiment 2,0.5637657000756316,3,Other Injured AEC2,34.80345299528167,15.215986824118168
ATIIinjured1expt2_GGGCACTTCGTGGACC,1254,4335,Injured AEC2,Experiment 2,0.3320225419717631,3,Other Injured AEC2,32.698210054500684,18.859517451384857
ATIIinjured2expt2_TGAAAGATCTGCTTGC,1095,3211,Injured AEC2,Experiment 2,0.1923029780262074,3,Other Injured AEC2,27.754211607012657,15.135240030863025
ATIIinjured2expt2_TCGAGGCAGTGCGATG,2522,11065,Injured AEC2,Experiment 2,1.0465316472934065,1,Other Injured AEC2,-5.178318318183273,-17.05117106545157
ATIIinjured1expt2_TAGGCATTCGGCGCAT,1908,7903,Injured AEC2,Experiment 2,0.8727109726043663,0,Other Injured AEC2,-4.537323980491,17.72076059562824
ATIIinjured1expt2_TCACGAAAGTGCCATT,1867,6985,Injured AEC2,Experiment 2,0.8073393301640122,4,Other Injured AEC2,1.583194095488264,-6.41168819814232
ATIIinjured2expt2_TAAGCGTAGCCAGGAT,1739,6642,Injured AEC2,Experiment 2,0.4545922640499659,0,Other Injured AEC2,19.644970210185345,-3.857065101346341
ATIIinjured2expt2_CTCTGGTTCTGGTGTA,1324,4466,Injured AEC2,Experiment 2,0.35352273592251987,0,Other Injured AEC2,9.74583988026987,4.153708221118515
ATIIinjured2expt2_AGCTTGAGTTCAGTAC,1795,5821,Injured AEC2,Experiment 2,0.7227974400881334,1,Other Injured AEC2,6.838833799551714,-21.891173648783703
ATIIinjured2expt2_CAGCAGCGTTCGTGAT,1471,5407,Injured AEC2,Experiment 2,0.580856335331033,1,Other Injured AEC2,12.5694458624953,-27.51446543339281
ATIIinjured2expt2_GCGCCAAGTAGCGTAG,1701,6643,Injured AEC2,Experiment 2,0.4351790789164562,0,Other Injured AEC2,-0.8062154397186423,4.673867791302344
ATIIinjured1expt2_TTTCCTCGTCGCCATG,2157,8664,Injured AEC2,Experiment 2,0.8470728154854684,4,Other Injured AEC2,7.9074133296389695,-8.827031631862686
ATIIinjured1expt2_CATCCACAGGTGGGTT,1507,4425,Injured AEC2,Experiment 2,0.3320225419717631,2,Other Injured AEC2,-1.2726979679556993,23.95312786868352
ATIIinjured1expt2_GACGTGCGTCATTAGC,2941,14153,Injured AEC2,Experiment 2,0.9099763479973537,2,Other Injured AEC2,-13.418011867600766,14.828067127443708
ATIIinjured1expt2_AGCTTGACAGGTGCCT,2262,9905,Injured AEC2,Experiment 2,0.8340029550034078,4,Other Injured AEC2,10.407279345146971,-7.857364556696593
ATIIinjured2expt2_CACACCTCAAATCCGT,1779,6415,Injured AEC2,Experiment 2,0.580856335331033,4,Other Injured AEC2,15.691501134367227,-15.879192453663254
ATIIinjured2expt1_GTGCGGTAGGATGGAA,1897,9157,Injured AEC2,Experiment 1,0.5976597821332662,0,Other Injured AEC2,6.476666975673661,2.1050923025588824
ATIIinjured1expt2_GCATGTAAGGGCTTGA,1772,5757,Injured AEC2,Experiment 2,0.4351790789164562,0,Other Injured AEC2,0.9885247372709958,21.90068967543573
ATIIinjured2expt1_TGCTACCAGCTCCCAG,2839,14433,Injured AEC2,Experiment 1,1.2989965545555509,0,Other Injured AEC2,-2.3859985302025546,-3.5461417125293417
ATIIinjured2expt2_TGCTACCCAAGCGTAG,2229,7330,Injured AEC2,Experiment 2,0.1410267831982121,2,Other Injured AEC2,-34.55758198126901,11.119941187747594
ATIIinjured2expt2_CGTAGGCGTCGCTTCT,2653,12898,Injured AEC2,Experiment 2,1.0465316472934065,1,Other Injured AEC2,0.4855099679962218,-7.317624650660733
ATIIinjured1expt1_ACGGGTCCATCATCCC,2041,8669,Injured AEC2,Experiment 1,1.1853501669639894,1,Other Injured AEC2,-19.574766815206416,-13.224300900418239
ATIIinjured2expt1_CGTCAGGAGCTAGCCC,1976,8065,Injured AEC2,Experiment 1,0.9918810031943951,0,Other Injured AEC2,0.43432972188474417,-2.8879019174965155
ATIIinjured2expt2_TGAGCATCACATCCAA,1912,6354,Injured AEC2,Experiment 2,0.8073393301640122,2,Other Injured AEC2,-20.973362264590417,11.750334692518363
ATIIinjured1expt2_TCAGCTCAGATAGGAG,2177,8624,Injured AEC2,Experiment 2,0.7373934693615488,1,Other Injured AEC2,-5.708149652662251,-23.273719390824738
ATIIinjured1expt2_CGCTTCATCGTTTAGG,851,2096,Injured AEC2,Experiment 2,0,3,Other Injured AEC2,32.45213570182441,7.108389468532264
ATIIinjured1expt2_TGGCCAGAGGGTCGAT,1057,3159,Injured AEC2,Experiment 2,0.3320225419717631,3,Other Injured AEC2,27.23572133526804,18.722958030624927
ATIIinjured2expt2_GGGTTGCGTCGCCATG,1436,4830,Injured AEC2,Experiment 2,0.0588179978116575,0,Other Injured AEC2,10.48317327204096,-0.5343687169382781
ATIIinjured1expt2_AACGTTGGTCTCGTTC,2475,10275,Injured AEC2,Experiment 2,0.4736357432073594,2,Other Injured AEC2,-19.94368472526184,7.264039188570012
ATIIinjured2expt2_CGAGCCAAGAACTGTA,1608,5501,Injured AEC2,Experiment 2,0.4351790789164562,3,Other Injured AEC2,24.136753110909414,25.98592923684779
ATIIinjured1expt2_ACTGCTCTCAACGCTA,2117,8891,Injured AEC2,Experiment 2,0.6776858266116346,0,Other Injured AEC2,-5.611493643574691,1.782322380636405
ATIIinjured2expt2_TTTATGCAGTCCGGTC,1872,6273,Injured AEC2,Experiment 2,0.5463778887192712,1,Other Injured AEC2,-11.951321570403412,-22.313312771865213
ATIIinjured1expt2_CAAGATCTCACCCGAG,1661,5643,Injured AEC2,Experiment 2,0.24107767091361132,1,Other Injured AEC2,-13.470369381334981,-28.36191410562725
ATIIinjured1expt2_AAGCCGCGTCAATGTC,1623,6185,Injured AEC2,Experiment 2,0.6141855329350174,4,Other Injured AEC2,15.191953999484495,-12.913216549715406
ATIIinjured1expt1_TGGGAAGCAACACCTA,2068,8910,Injured AEC2,Experiment 1,0.9575970243335932,1,Other Injured AEC2,12.154195514475639,-1.3759467786401105
ATIIinjured1expt2_ATTGGACAGCGTCTAT,2241,8867,Injured AEC2,Experiment 2,0.6621847644459135,0,Other Injured AEC2,-3.478217283551524,11.80426761885857
ATIIinjured2expt1_CGAGCCATCAGCTGGC,3220,16064,Injured AEC2,Experiment 1,1.3935454445193185,2,Other Injured AEC2,-21.243912663626173,-2.4763588904133456
ATIIinjured2expt2_GTATTCTTCTGCTTGC,1624,5795,Injured AEC2,Experiment 2,0.37457038428582884,0,Other Injured AEC2,4.170002116473712,1.2266971472869435
ATIIinjured2expt2_GTGCATAAGAGCTTCT,1651,5783,Injured AEC2,Experiment 2,0.5286823833646396,0,Other Injured AEC2,12.163058323459367,-2.512194910630651
ATIIinjured2expt2_ACTGATGGTTATCCGA,2151,8293,Injured AEC2,Experiment 2,1.0571123010571084,2,Other Injured AEC2,-18.55286858725987,0.993886449354581
ATIIinjured1expt2_AGCTCCTGTGTGCGTC,1758,6137,Injured AEC2,Experiment 2,0.5463778887192712,0,Other Injured AEC2,11.727195745553951,-2.57536547767314
ATIIinjured1expt2_CGGACTGCATCACAAC,2447,9848,Injured AEC2,Experiment 2,0.7659615355856946,3,Other Injured AEC2,9.8559451931612,28.634052034144073
ATIIinjured2expt2_TTCTCAACATGAAGTA,814,2004,Injured AEC2,Experiment 2,0.08697856109562721,4,Other Injured AEC2,30.122090475449873,-0.022244145684177905
ATIIinjured1expt2_CTTTGCGTCATGGTCA,1672,6023,Injured AEC2,Experiment 2,0.7079852071336866,1,Other Injured AEC2,8.10578787023602,-25.93002612830587
ATIIinjured1expt1_AGAGCGACAACCGCCA,1930,6170,Injured AEC2,Experiment 1,0.6621847644459135,4,Other Injured AEC2,6.321064348837336,-5.4494066516568624
ATIIinjured1expt2_GGATGTTCAGGATCGA,1802,6560,Injured AEC2,Experiment 2,0.41538154834733476,4,Other Injured AEC2,4.377009406506452,-3.8698803752829174
ATIIinjured1expt1_CGTGAGCCATGCATGT,2157,9023,Injured AEC2,Experiment 1,0.35352273592251987,3,Other Injured AEC2,16.027945322735082,23.194602927349205
ATIIinjured2expt2_GGATTACGTAATAGCA,2177,9298,Injured AEC2,Experiment 2,0.7937360841987519,0,Other Injured AEC2,-2.5019459321254898,8.056089458190645
ATIIinjured2expt2_ATAACGCCAGGATTGG,1410,4847,Injured AEC2,Experiment 2,0.4736357432073594,3,Other Injured AEC2,17.056343961550823,14.427172448165711
ATIIinjured2expt2_GAGCAGATCTGTCTAT,1145,3717,Injured AEC2,Experiment 2,0.24107767091361132,3,Other Injured AEC2,34.42790595478486,10.656430543541319
ATIIinjured1expt1_CGAGCCAGTCGGCTCA,2326,9446,Injured AEC2,Experiment 1,0.1410267831982121,4,Other Injured AEC2,6.396269625400283,-5.076135312141039
ATIIinjured2expt1_CCTTCGAGTAAACGCG,2365,11237,Injured AEC2,Experiment 1,0.8340029550034078,0,Other Injured AEC2,-9.696139009566128,12.580209686822993
ATIIinjured1expt2_CCATGTCTCGTTACAG,1555,5122,Injured AEC2,Experiment 2,0.5637657000756316,1,Other Injured AEC2,2.3046522500335187,-31.9523237619768
ATIIinjured1expt2_GGGAATGGTGACAAAT,2767,14197,Injured AEC2,Experiment 2,0.6141855329350174,2,Other Injured AEC2,-23.63090963303947,11.92370482076085
ATIIinjured1expt2_TTGAACGGTACGACCC,2016,6925,Injured AEC2,Experiment 2,0.8599740561822437,2,Other Injured AEC2,-28.081050309994,7.56075979864449
ATIIinjured1expt2_TCGGTAACACAGAGGT,2883,13146,Injured AEC2,Experiment 2,1.0250284481276786,2,Other Injured AEC2,-15.54989245417152,-20.997153667773727
ATIIinjured1expt2_CCTTCGATCTTAACCT,2085,8205,Injured AEC2,Experiment 2,0.969156109492425,4,Other Injured AEC2,-1.1314359107973904,-10.142868089543787
ATIIinjured1expt2_ACTGTCCGTAGCGTAG,2425,11523,Injured AEC2,Experiment 2,0.9459027626858089,0,Other Injured AEC2,-7.966994632259596,16.968027365036573
ATIIinjured2expt2_CTGAAACAGGACGAAA,1700,5522,Injured AEC2,Experiment 2,0.1923029780262074,3,Other Injured AEC2,2.4989425659518982,30.654026172981805
ATIIinjured1expt2_TACAGTGCACCCAGTG,2623,11449,Injured AEC2,Experiment 2,1.108398754252155,1,Other Injured AEC2,-17.00130751889396,-21.565320568547858
ATIIinjured1expt2_AACGTTGCACGAAGCA,2415,11741,Injured AEC2,Experiment 2,1.3707330221692469,1,Other Injured AEC2,-18.80136440845881,-16.174597430011037
ATIIinjured1expt1_CTAGTGATCTGGTATG,1983,6441,Injured AEC2,Experiment 1,0.2646009722971192,2,Other Injured AEC2,-31.62270132999389,8.314419435663334
ATIIinjured1expt2_CCTATTATCCCAAGTA,1892,7162,Injured AEC2,Experiment 2,1.0030526810569464,4,Other Injured AEC2,17.195087738296536,-5.007293834336532
ATIIinjured1expt2_CCATGTCTCACATAGC,1744,5899,Injured AEC2,Experiment 2,0.2646009722971192,0,Other Injured AEC2,17.280053633568834,-4.632967818055432
ATIIinjured1expt2_GTGCATAAGAGCTGGT,2415,10722,Injured AEC2,Experiment 2,0.3320225419717631,0,Other Injured AEC2,-3.188619550502264,-0.9725961074965629
ATIIinjured1expt2_GAAATGAAGCAGGCTA,1889,7171,Injured AEC2,Experiment 2,0.6929502690407425,0,Other Injured AEC2,3.328522335408623,-21.308828813621115
ATIIinjured1expt2_TGAGCCGCAGGGTATG,2102,9397,Injured AEC2,Experiment 2,0.7937360841987519,0,Other Injured AEC2,4.622160566728891,2.575359071621307
ATIIinjured2expt2_GAATAAGGTTATGCGT,1227,3228,Injured AEC2,Experiment 2,0.5286823833646396,1,Other Injured AEC2,-8.296126943290064,-24.75657988731903
ATIIinjured1expt2_GTGGGTCTCTAACCGA,1344,4109,Injured AEC2,Experiment 2,0.2646009722971192,3,Other Injured AEC2,25.72067454085016,14.548828376999989
ATIIinjured2expt2_CACATTTCACCGAATT,2349,9030,Injured AEC2,Experiment 2,0.7659615355856946,2,Other Injured AEC2,-26.580628984894332,2.125885111120305
ATIIinjured1expt2_TACGGATTCTCTGTCG,1465,5427,Injured AEC2,Experiment 2,0.6621847644459135,1,Other Injured AEC2,9.597089395606117,-22.935342558094444
ATIIinjured2expt2_TAGGCATCAAACCTAC,2549,12032,Injured AEC2,Experiment 2,0.9805831075536658,1,Other Injured AEC2,-12.730132501637813,-9.055840898211606
ATIIinjured1expt1_TGAGAGGAGAAGGTTT,2330,11627,Injured AEC2,Experiment 1,0.6776858266116346,0,Other Injured AEC2,1.3159777068627827,2.9304693190612685
ATIIinjured2expt2_AAAGATGCACACGCTG,2122,8393,Injured AEC2,Experiment 2,0.7937360841987519,1,Other Injured AEC2,-7.92444625047513,-18.782802953415977
ATIIinjured2expt2_TACACGAGTTCAGACT,1590,5607,Injured AEC2,Experiment 2,0.580856335331033,3,Other Injured AEC2,22.650991337696063,27.040390222547227
ATIIinjured2expt2_AAAGCAACATTTCAGG,1983,7416,Injured AEC2,Experiment 2,0.7659615355856946,3,Other Injured AEC2,10.179262202035265,24.91036255411533
ATIIinjured2expt1_GAACATCTCAGTTAGC,2426,10559,Injured AEC2,Experiment 1,0.6464396310241439,1,Other Injured AEC2,-7.091700285771692,-23.91983381383237
ATIIinjured1expt2_CTACGTCAGATGCCTT,1290,3671,Injured AEC2,Experiment 2,0.5637657000756316,3,Other Injured AEC2,20.030909284738698,24.078508521846633
ATIIinjured2expt2_TGCCAAAAGTGTTTGC,1678,4836,Injured AEC2,Experiment 2,0.7079852071336866,1,Other Injured AEC2,-6.183888988131202,-28.226123551797293
ATIIinjured2expt2_ACGCCGACACCCTATC,1918,8061,Injured AEC2,Experiment 2,0.9459027626858089,1,Other Injured AEC2,-3.7042871319186164,-29.789641811762277
ATIIinjured1expt2_GGAGCAACAATAGCGG,1889,7112,Injured AEC2,Experiment 2,0.8599740561822437,0,Other Injured AEC2,-4.303730817018216,-3.0826540305258066
ATIIinjured1expt2_AGTCTTTTCGTGGGAA,2056,8848,Injured AEC2,Experiment 2,0.8470728154854684,1,Other Injured AEC2,-10.86819945711473,-23.267435079687207
ATIIinjured2expt2_TAGTTGGTCTAACTCT,1957,8064,Injured AEC2,Experiment 2,0.6464396310241439,1,Other Injured AEC2,-13.402059032328129,-28.219726868947685
ATIIinjured1expt2_TGCTGCTTCTGGTATG,1866,6555,Injured AEC2,Experiment 2,0.5637657000756316,0,Other Injured AEC2,3.6555110991737236,8.708443729845841
ATIIinjured2expt2_CGCTATCAGTATCGAA,1735,5913,Injured AEC2,Experiment 2,0.6621847644459135,0,Other Injured AEC2,5.75930300698209,15.803640198052864
ATIIinjured1expt2_CCATGTCTCAAAGACA,2127,7614,Injured AEC2,Experiment 2,1.1281988328568082,2,Other Injured AEC2,-18.723611804057576,3.778584246752397
ATIIinjured1expt1_AGCATACCATACTACG,2598,11310,Injured AEC2,Experiment 1,1.0030526810569464,2,Other Injured AEC2,-16.2905059306934,1.1035820914268173
ATIIinjured1expt2_TCTTCGGAGAAACGAG,1849,6734,Injured AEC2,Experiment 2,0.4545922640499659,0,Other Injured AEC2,-1.748879019490425,7.619847347256758
ATIIinjured2expt2_CCTAAAGTCGCGTTTC,1816,6972,Injured AEC2,Experiment 2,0.4545922640499659,2,Other Injured AEC2,-9.484256539849813,12.710736790622397
ATIIinjured1expt2_CGGAGTCAGGCTAGCA,1545,5050,Injured AEC2,Experiment 2,0.6776858266116346,0,Other Injured AEC2,0.5731780052832967,18.426783645451817
ATIIinjured2expt2_GTTCATTAGCAATCTC,1423,4710,Injured AEC2,Experiment 2,0.9099763479973537,1,Other Injured AEC2,13.701402921333443,-24.982377357758246
ATIIinjured2expt2_TCTTTCCTCCAAAGTC,1679,6346,Injured AEC2,Experiment 2,0.5106680976526824,1,Other Injured AEC2,4.1062002386511995,-25.275268853520434
ATIIinjured2expt2_TTCTCCTCACCTATCC,1788,5073,Injured AEC2,Experiment 2,0.580856335331033,1,Other Injured AEC2,-10.342311144965494,-21.99499458409293
ATIIinjured1expt1_CAAGATCAGTCCATAC,2844,13401,Injured AEC2,Experiment 1,1.5204645025377221,1,Other Injured AEC2,-34.574339541726005,-4.714877273882548
ATIIinjured2expt1_TCAACGACAGACTCGC,2433,11199,Injured AEC2,Experiment 1,0.28758362153894784,2,Other Injured AEC2,-34.00599771633216,8.298636992271746
ATIIinjured2expt2_ACTGATGTCAGTTGAC,2368,11040,Injured AEC2,Experiment 2,1.0358378450438186,1,Other Injured AEC2,-17.06763412847329,-8.778876992121052
ATIIinjured1expt2_CGTAGCGAGTTAGGTA,1639,5558,Injured AEC2,Experiment 2,0.8599740561822437,1,Other Injured AEC2,-10.418815753215195,-26.651168663743114
ATIIinjured2expt2_TAAGAGACATCCGCGA,1838,6003,Injured AEC2,Experiment 2,0.8207600085624883,1,Other Injured AEC2,-10.511187903193843,-13.080814941465194
ATIIinjured2expt2_GCATGCGAGATATACG,1468,4192,Injured AEC2,Experiment 2,0.41538154834733476,3,Other Injured AEC2,15.607993176895292,28.275844032152722
ATIIinjured2expt2_GTGAAGGGTCTGATCA,1225,3713,Injured AEC2,Experiment 2,0.6464396310241439,3,Other Injured AEC2,17.475937929518143,15.854025057055601
ATIIinjured1expt2_ACATACGAGTTTGCGT,1561,4877,Injured AEC2,Experiment 2,0.3100499136521796,0,Other Injured AEC2,3.69772407994324,21.165146681824037
ATIIinjured2expt2_CCATTCGTCTGTACGA,1333,3781,Injured AEC2,Experiment 2,0.21698766633129607,3,Other Injured AEC2,22.85947940263517,14.98227337822002
ATIIinjured1expt1_GCGCAACAGTTATCGC,2174,8751,Injured AEC2,Experiment 1,0.8470728154854684,4,Other Injured AEC2,-2.9810912420043425,-8.779536522419528
ATII1expt1_AAAGATGTCCAGATCA,338,1230,Naive AEC2,Experiment 1,0,13,Club,19.280813892833407,46.248639489837124
ATII1expt2_CTCTAATCAAGCGATG,2015,7648,Naive AEC2,Experiment 2,0.6141855329350174,5,Naive AEC2,24.50018722921604,-21.48828891656333
ATII1expt1_CAACCAAGTCCGCTGA,2156,8496,Naive AEC2,Experiment 1,0.7659615355856946,5,Naive AEC2,16.597015526420698,-32.29803744484441
ATII1expt1_TTTGCGCTCAGAGGTG,2080,8324,Naive AEC2,Experiment 1,0.8727109726043663,5,Naive AEC2,24.047872809068817,-26.790578446317976
ATII1expt2_CACCAGGAGCTGAAAT,2602,10338,Naive AEC2,Experiment 2,0.7799452349867495,5,Naive AEC2,20.254415896274025,-30.34468969411757
ATII1expt2_CTTAACTAGCTGCCCA,2523,10427,Naive AEC2,Experiment 2,0.969156109492425,5,Naive AEC2,15.494135011298829,-34.74763273174708
ATII1expt1_GCGCAACAGAAGGTTT,1888,7206,Naive AEC2,Experiment 1,0.6929502690407425,5,Naive AEC2,26.764208382846952,-12.81471297263622
ATII1expt2_AGTGAGGCATAGTAAG,2334,9706,Naive AEC2,Experiment 2,1.1281988328568082,5,Naive AEC2,21.62558628406038,-23.295083333469158
ATII1expt1_CTCGTCACACTTAAGC,2404,9737,Naive AEC2,Experiment 1,0.8207600085624883,5,Naive AEC2,18.694189610294192,-30.454310976426452
ATII1expt1_TCGCGTTGTCTCTTTA,1702,5800,Naive AEC2,Experiment 1,0.8727109726043663,5,Naive AEC2,21.59107962556789,-27.024226248171388
ATII1expt2_TTAACTCCACGAAAGC,2546,9883,Naive AEC2,Experiment 2,0.5976597821332662,5,Naive AEC2,21.542335539211187,-35.3946865960425
ATII1expt1_GGTGCGTGTAGCCTAT,1706,6514,Naive AEC2,Experiment 1,0.6929502690407425,5,Naive AEC2,17.497230205181246,-26.104193408034092
ATII1expt2_CAGCTGGGTTAAGTAG,2258,7921,Naive AEC2,Experiment 2,0.7517795158056413,5,Naive AEC2,26.170558174856456,-23.81149543192575
ATII1expt1_CTTACCGAGACAGGCT,2083,8294,Naive AEC2,Experiment 1,1.1379537705709346,5,Naive AEC2,17.37583074479618,-31.2949304204768
ATII1expt1_GAATGAAAGGACAGAA,1970,7631,Naive AEC2,Experiment 1,0.9918810031943951,5,Naive AEC2,23.76702948849748,-20.082272817834586
ATII1expt1_AAACCTGAGCTAACTC,1998,7954,Naive AEC2,Experiment 1,0.8073393301640122,5,Naive AEC2,18.850439231036223,-27.0749921651085
ATII1expt1_AGTTGGTCACTGTTAG,1959,6966,Naive AEC2,Experiment 1,0.5463778887192712,5,Naive AEC2,25.954888480951357,-20.76846840945254
ATII1expt1_AACGTTGTCGGCGCAT,1587,4947,Naive AEC2,Experiment 1,0.885287698185518,5,Naive AEC2,19.697942703979113,-34.071650335754086
ATII1expt2_CGTCCATTCAGAAATG,2178,8410,Naive AEC2,Experiment 2,0.5637657000756316,5,Naive AEC2,20.089206413638518,-29.288856461443405
ATII1expt1_AGTGAGGGTACATCCA,1968,7205,Naive AEC2,Experiment 1,0.6304426171985398,5,Naive AEC2,16.795158889422645,-29.372103294844106
ATII1expt1_CGATGGCGTAGAGCTG,2523,10705,Naive AEC2,Experiment 1,0.9459027626858089,5,Naive AEC2,18.522282027568718,-33.00248128502924
ATII1expt1_CATTCGCCAGCGTAAG,2203,8463,Naive AEC2,Experiment 1,0.5463778887192712,5,Naive AEC2,27.904138212954507,-23.237432094502683
ATII1expt1_AGGGAGTAGTGACTCT,2257,8960,Naive AEC2,Experiment 1,0.7799452349867495,5,Naive AEC2,23.851075330870742,-24.850010825327644
ATII1expt1_GACTGCGAGACTGGGT,2136,8773,Naive AEC2,Experiment 1,0.7079852071336866,5,Naive AEC2,18.754827042355544,-28.64815131258318
ATII1expt2_CTCGTACCATTTGCCC,1434,4424,Naive AEC2,Experiment 2,0.4545922640499659,5,Naive AEC2,28.222125639482897,-17.122134429265596
ATII1expt1_ACGGGTCAGCGCTTAT,1574,5000,Naive AEC2,Experiment 1,0.3100499136521796,5,Naive AEC2,26.638325851229364,-16.829209938136938
ATII1expt1_GCAGCCATCTTTAGTC,2162,7699,Naive AEC2,Experiment 1,1.067582175679825,5,Naive AEC2,18.514696733420386,-30.76850753287011
ATII1expt1_CTCAGAATCCGAGCCA,1737,6826,Naive AEC2,Experiment 1,0.7373934693615488,5,Naive AEC2,17.195168980820462,-26.108765159499065
ATII1expt2_GCGCGATAGAATCTCC,2695,12487,Naive AEC2,Experiment 2,1.0571123010571084,5,Naive AEC2,23.91033674551527,-26.170064469014996
ATII1expt1_GAAACTCCATGGGAAC,1738,6659,Naive AEC2,Experiment 1,0.7079852071336866,4,Other Injured AEC2,26.470688574189694,-12.152690493803076
ATII1expt1_CAAGTTGGTATAGGTA,1715,6734,Naive AEC2,Experiment 1,0.41538154834733476,4,Other Injured AEC2,22.626343537670778,-17.073247400990393
ATII1expt1_CTCAGAAGTCACACGC,2368,7563,Naive AEC2,Experiment 1,0.41538154834733476,2,Other Injured AEC2,-30.859855535712157,-22.625182626544206
ATII1expt1_AGGGATGAGAGTAAGG,1808,6560,Naive AEC2,Experiment 1,1.1760488991223808,1,Other Injured AEC2,12.477749709808734,-29.442973131840624
ATI1expt1_AGAGCGAGTAGAGCTG,2028,5560,Naive Non-AEC2 Epithelial,Experiment 1,0.029841381192410428,7,Basal,-15.19170487496651,38.45244369111512
ATI1expt1_GAACATCTCACAGGCC,2059,5529,Naive Non-AEC2 Epithelial,Experiment 1,0,7,Basal,-12.559979259107198,41.14829872461464
ATI1expt1_GGAACTTCAAGCCATT,2123,6372,Naive Non-AEC2 Epithelial,Experiment 1,0.029841381192410428,7,Basal,-10.533693836539161,37.146016057854844
ATI2expt1_CAACTAGAGGTCGGAT,1754,5187,Naive Non-AEC2 Epithelial,Experiment 1,0,7,Basal,-12.573161877312575,38.151474103391394
ATI2expt1_GGAACTTAGGTCGGAT,1711,4715,Naive Non-AEC2 Epithelial,Experiment 1,0.029841381192410428,7,Basal,-9.768161360103514,38.61970989513104
ATI2expt1_CGTGTAATCTATGTGG,1416,4031,Naive Non-AEC2 Epithelial,Experiment 1,0,7,Basal,-7.379787939975674,37.19144612191121
ATI1expt1_TGAGAGGAGTGTGGCA,2301,6828,Naive Non-AEC2 Epithelial,Experiment 1,0,7,Basal,-13.718851720488972,38.68802234477864
ATI2expt1_CATCCACGTACAGACG,1852,5386,Naive Non-AEC2 Epithelial,Experiment 1,0,7,Basal,-9.76371333515084,37.03234196600334
ATI1expt1_TCAGATGTCTCTGTCG,2252,6945,Naive Non-AEC2 Epithelial,Experiment 1,0,7,Basal,-13.594755617794688,40.34342929011631
ATI2expt1_ACGATACAGATATGCA,1710,5109,Naive Non-AEC2 Epithelial,Experiment 1,0.029841381192410428,7,Basal,-7.752516267320405,36.91148754003618
ATI1expt1_AGTTGGTTCAGTTAGC,2055,5670,Naive Non-AEC2 Epithelial,Experiment 1,0.029841381192410428,7,Basal,-12.782184924092153,39.094687226635386
ATI1expt1_AGTTGGTAGGTCGGAT,2236,6599,Naive Non-AEC2 Epithelial,Experiment 1,0,7,Basal,-14.829420896028976,38.505738053751664
ATI1expt2_AAGCCGCGTCTAGGTT,2085,6094,Naive Non-AEC2 Epithelial,Experiment 2,0.029841381192410428,7,Basal,-14.000395667152825,39.73620559122697
ATI1expt2_TGGTTCCGTGGTACAG,3397,12584,Naive Non-AEC2 Epithelial,Experiment 2,0,7,Basal,-17.309442742383318,38.35860663579463
ATI1expt2_ATTGGTGGTAAGTGGC,2476,7584,Naive Non-AEC2 Epithelial,Experiment 2,0.029841381192410428,7,Basal,-17.031859288818726,38.743870824208386
ATI2expt1_GCAGCCAAGCTAGGCA,1926,5592,Naive Non-AEC2 Epithelial,Experiment 1,0,7,Basal,-10.583088020364473,40.54183261031028
ATI2expt1_AGCGTCGCAGATCTGT,1564,4572,Naive Non-AEC2 Epithelial,Experiment 1,0,7,Basal,-7.713141620594039,38.56752827605294
ATI1expt2_GGCTCGAGTAGCGATG,2008,3831,Naive Non-AEC2 Epithelial,Experiment 2,0,15,Ciliated,0.6369543426027684,39.74993077977964
ATI2expt2_CGGACGTTCAACGGGA,2925,31868,Naive Non-AEC2 Epithelial,Experiment 2,0,9,Club,4.798739096899163,45.66650488247523
ATI2expt1_GTTACAGAGTGCTGCC,2645,21968,Naive Non-AEC2 Epithelial,Experiment 1,0.029841381192410428,9,Club,4.517623020769654,49.077747025738276
ATI2expt1_AATCGGTAGAGGACGG,2159,17986,Naive Non-AEC2 Epithelial,Experiment 1,0,9,Club,6.070010597800871,46.78860362543911
ATI1expt2_ACGAGCCCAGTGGGAT,3030,31446,Naive Non-AEC2 Epithelial,Experiment 2,0.029841381192410428,9,Club,0.19851759052443782,47.26636060581128
ATI1expt1_CATATTCAGCAGATCG,2732,20443,Naive Non-AEC2 Epithelial,Experiment 1,0,9,Club,4.266728107094137,44.356853652290205
ATI2expt2_TAAGAGAGTATGCTTG,3581,35592,Naive Non-AEC2 Epithelial,Experiment 2,0.029841381192410428,9,Club,-0.6575786420678592,51.451626744299944
ATI2expt2_AGCGTATAGAAACGAG,2425,23855,Naive Non-AEC2 Epithelial,Experiment 2,0.0588179978116575,9,Club,4.104704192168498,46.93890492324994
ATI1expt2_CCCTCCTGTGAAAGAG,4018,42273,Naive Non-AEC2 Epithelial,Experiment 2,0.0588179978116575,9,Club,-0.7930195362009177,51.58390632912758
ATI2expt1_GTGCGGTCAAACTGTC,3106,30967,Naive Non-AEC2 Epithelial,Experiment 1,0,9,Club,4.116889387714074,44.7422628640417
ATI1expt2_CGTGAGCAGAAGGACA,3221,36199,Naive Non-AEC2 Epithelial,Experiment 2,0,9,Club,0.2437346641555804,47.379579760224765
ATI1expt1_GTCCTCAGTGCAACGA,3178,30443,Naive Non-AEC2 Epithelial,Experiment 1,0,9,Club,5.984573941667169,48.66048971431934
ATI2expt1_TTAGTTCAGTGTTGAA,3789,39799,Naive Non-AEC2 Epithelial,Experiment 1,0.029841381192410428,9,Club,0.31713887772150645,48.69616073010523
ATI1expt2_AGCGTCGGTATTCGTG,2002,17466,Naive Non-AEC2 Epithelial,Experiment 2,0,9,Club,6.618506329623854,47.61978027142895
ATI2expt2_GATGAGGTCCCGACTT,2098,6188,Naive Non-AEC2 Epithelial,Experiment 2,0,12,Endothelial/Fibroblast,-22.80015849601347,-42.72220137780174
ATI2expt1_TTAGGACTCAAACAAG,2845,8904,Naive Non-AEC2 Epithelial,Experiment 1,0,12,Endothelial/Fibroblast,-23.012717555688152,-42.13122705356908
ATI2expt1_TCTGGAATCTCCCTGA,2383,6959,Naive Non-AEC2 Epithelial,Experiment 1,0,12,Endothelial/Fibroblast,-21.64947711910007,-43.117397932812615
ATI1expt2_AGGCCACGTTCAACCA,3364,12124,Naive Non-AEC2 Epithelial,Experiment 2,0,12,Endothelial/Fibroblast,-21.8317111210961,-40.91889499324531
ATI1expt2_TGACTTTTCCCTGACT,1489,3434,Naive Non-AEC2 Epithelial,Experiment 2,0,14,Naive AEC1,-37.40338428744187,-27.77360499590514
ATI2expt2_ACATGGTCAGGCAGTA,2376,6392,Naive Non-AEC2 Epithelial,Experiment 2,0,14,Naive AEC1,-36.57199247160525,-28.415924017291882
ATI1expt2_ACAGCCGGTGCGCTTG,1997,7049,Naive Non-AEC2 Epithelial,Experiment 2,0,4,Other Injured AEC2,10.206613403883603,-11.870392920176142
